image_path,true_label,predicted_label,predicted_probability
/kaggle/input/datasets/mostafaabla/garbage-classification/garbage_classification/metal/metal474.jpg,metal,shoes,0.3056163489818573
/kaggle/input/datasets/mostafaabla/garbage-classification/garbage_classification/metal/metal327.jpg,metal,shoes,0.2610034942626953
/kaggle/input/datasets/mostafaabla/garbage-classification/garbage_classification/clothes/clothes2979.jpg,clothes,paper,0.19825977087020874
/kaggle/input/datasets/mostafaabla/garbage-classification/garbage_classification/paper/paper876.jpg,paper,shoes,0.2992457151412964
/kaggle/input/datasets/mostafaabla/garbage-classification/garbage_classification/metal/metal676.jpg,metal,white-glass,0.6545988321304321
/kaggle/input/datasets/mostafaabla/garbage-classification/garbage_classification/cardboard/cardboard849.jpg,cardboard,clothes,0.5211333632469177
/kaggle/input/datasets/mostafaabla/garbage-classification/garbage_classification/biological/biological97.jpg,biological,shoes,0.3048335909843445
/kaggle/input/datasets/mostafaabla/garbage-classification/garbage_classification/biological/biological337.jpg,biological,shoes,0.6432303190231323
/kaggle/input/datasets/mostafaabla/garbage-classification/garbage_classification/plastic/plastic139.jpg,plastic,trash,0.5876317024230957
/kaggle/input/datasets/mostafaabla/garbage-classification/garbage_classification/battery/battery708.jpg,battery,trash,0.28783589601516724
/kaggle/input/datasets/mostafaabla/garbage-classification/garbage_classification/paper/paper1031.jpg,paper,plastic,0.33743709325790405
/kaggle/input/datasets/mostafaabla/garbage-classification/garbage_classification/shoes/shoes1825.jpg,shoes,biological,0.3657699525356293
/kaggle/input/datasets/mostafaabla/garbage-classification/garbage_classification/white-glass/white-glass30.jpg,white-glass,paper,0.3534788191318512
/kaggle/input/datasets/mostafaabla/garbage-classification/garbage_classification/metal/metal249.jpg,metal,clothes,0.37826094031333923
/kaggle/input/datasets/mostafaabla/garbage-classification/garbage_classification/shoes/shoes1057.jpg,shoes,clothes,0.41323184967041016
/kaggle/input/datasets/mostafaabla/garbage-classification/garbage_classification/metal/metal241.jpg,metal,plastic,0.21993005275726318
/kaggle/input/datasets/mostafaabla/garbage-classification/garbage_classification/shoes/shoes1312.jpg,shoes,clothes,0.4525209367275238
/kaggle/input/datasets/mostafaabla/garbage-classification/garbage_classification/shoes/shoes1930.jpg,shoes,clothes,0.9756680130958557
/kaggle/input/datasets/mostafaabla/garbage-classification/garbage_classification/clothes/clothes4313.jpg,clothes,plastic,0.36869871616363525
/kaggle/input/datasets/mostafaabla/garbage-classification/garbage_classification/clothes/clothes1339.jpg,clothes,trash,0.4360535442829132
/kaggle/input/datasets/mostafaabla/garbage-classification/garbage_classification/white-glass/white-glass122.jpg,white-glass,paper,0.3499719500541687
/kaggle/input/datasets/mostafaabla/garbage-classification/garbage_classification/brown-glass/brown-glass115.jpg,brown-glass,shoes,0.538387656211853
/kaggle/input/datasets/mostafaabla/garbage-classification/garbage_classification/white-glass/white-glass659.jpg,white-glass,clothes,0.8496419191360474
/kaggle/input/datasets/mostafaabla/garbage-classification/garbage_classification/shoes/shoes140.jpg,shoes,battery,0.56312096118927
/kaggle/input/datasets/mostafaabla/garbage-classification/garbage_classification/cardboard/cardboard504.jpg,cardboard,shoes,0.7011282444000244
/kaggle/input/datasets/mostafaabla/garbage-classification/garbage_classification/biological/biological421.jpg,biological,clothes,0.3539208769798279
/kaggle/input/datasets/mostafaabla/garbage-classification/garbage_classification/plastic/plastic822.jpg,plastic,metal,0.38474512100219727
/kaggle/input/datasets/mostafaabla/garbage-classification/garbage_classification/battery/battery650.jpg,battery,white-glass,0.30364885926246643
/kaggle/input/datasets/mostafaabla/garbage-classification/garbage_classification/shoes/shoes644.jpg,shoes,biological,0.8454596996307373
/kaggle/input/datasets/mostafaabla/garbage-classification/garbage_classification/plastic/plastic190.jpg,plastic,shoes,0.2997826337814331
/kaggle/input/datasets/mostafaabla/garbage-classification/garbage_classification/shoes/shoes8.jpg,shoes,clothes,0.5261304974555969
/kaggle/input/datasets/mostafaabla/garbage-classification/garbage_classification/white-glass/white-glass142.jpg,white-glass,metal,0.19041481614112854
/kaggle/input/datasets/mostafaabla/garbage-classification/garbage_classification/biological/biological1.jpg,biological,trash,0.336157888174057
/kaggle/input/datasets/mostafaabla/garbage-classification/garbage_classification/paper/paper22.jpg,paper,plastic,0.3280261158943176
/kaggle/input/datasets/mostafaabla/garbage-classification/garbage_classification/white-glass/white-glass290.jpg,white-glass,clothes,0.8196364045143127
/kaggle/input/datasets/mostafaabla/garbage-classification/garbage_classification/trash/trash657.jpg,trash,clothes,0.8265804052352905
/kaggle/input/datasets/mostafaabla/garbage-classification/garbage_classification/shoes/shoes1143.jpg,shoes,green-glass,0.2019067257642746
/kaggle/input/datasets/mostafaabla/garbage-classification/garbage_classification/white-glass/white-glass227.jpg,white-glass,plastic,0.43536248803138733
/kaggle/input/datasets/mostafaabla/garbage-classification/garbage_classification/paper/paper471.jpg,paper,plastic,0.25029948353767395
/kaggle/input/datasets/mostafaabla/garbage-classification/garbage_classification/brown-glass/brown-glass460.jpg,brown-glass,shoes,0.4581280052661896
/kaggle/input/datasets/mostafaabla/garbage-classification/garbage_classification/cardboard/cardboard389.jpg,cardboard,paper,0.41561388969421387
/kaggle/input/datasets/mostafaabla/garbage-classification/garbage_classification/clothes/clothes3986.jpg,clothes,shoes,0.4181053340435028
/kaggle/input/datasets/mostafaabla/garbage-classification/garbage_classification/white-glass/white-glass444.jpg,white-glass,trash,0.6560580730438232
/kaggle/input/datasets/mostafaabla/garbage-classification/garbage_classification/shoes/shoes1908.jpg,shoes,clothes,0.8266724348068237
/kaggle/input/datasets/mostafaabla/garbage-classification/garbage_classification/shoes/shoes833.jpg,shoes,brown-glass,0.1785767674446106
/kaggle/input/datasets/mostafaabla/garbage-classification/garbage_classification/metal/metal394.jpg,metal,brown-glass,0.3361387550830841
/kaggle/input/datasets/mostafaabla/garbage-classification/garbage_classification/cardboard/cardboard742.jpg,cardboard,clothes,0.4257810115814209
/kaggle/input/datasets/mostafaabla/garbage-classification/garbage_classification/white-glass/white-glass109.jpg,white-glass,paper,0.4429034888744354
/kaggle/input/datasets/mostafaabla/garbage-classification/garbage_classification/shoes/shoes602.jpg,shoes,white-glass,0.29431554675102234
/kaggle/input/datasets/mostafaabla/garbage-classification/garbage_classification/trash/trash9.jpg,trash,metal,0.19732996821403503
/kaggle/input/datasets/mostafaabla/garbage-classification/garbage_classification/white-glass/white-glass620.jpg,white-glass,clothes,0.7643029689788818
/kaggle/input/datasets/mostafaabla/garbage-classification/garbage_classification/shoes/shoes1217.jpg,shoes,battery,0.5194353461265564
/kaggle/input/datasets/mostafaabla/garbage-classification/garbage_classification/metal/metal289.jpg,metal,biological,0.32413703203201294
/kaggle/input/datasets/mostafaabla/garbage-classification/garbage_classification/plastic/plastic161.jpg,plastic,green-glass,0.3061854839324951
/kaggle/input/datasets/mostafaabla/garbage-classification/garbage_classification/metal/metal91.jpg,metal,clothes,0.8569175004959106
/kaggle/input/datasets/mostafaabla/garbage-classification/garbage_classification/shoes/shoes1338.jpg,shoes,battery,0.48003748059272766
/kaggle/input/datasets/mostafaabla/garbage-classification/garbage_classification/shoes/shoes656.jpg,shoes,battery,0.5429149270057678
/kaggle/input/datasets/mostafaabla/garbage-classification/garbage_classification/metal/metal574.jpg,metal,battery,0.7046425938606262
/kaggle/input/datasets/mostafaabla/garbage-classification/garbage_classification/clothes/clothes3272.jpg,clothes,paper,0.5832697153091431
/kaggle/input/datasets/mostafaabla/garbage-classification/garbage_classification/battery/battery48.jpg,battery,plastic,0.5507117509841919
/kaggle/input/datasets/mostafaabla/garbage-classification/garbage_classification/trash/trash548.jpg,trash,clothes,0.6054354310035706
/kaggle/input/datasets/mostafaabla/garbage-classification/garbage_classification/shoes/shoes398.jpg,shoes,battery,0.6703328490257263
/kaggle/input/datasets/mostafaabla/garbage-classification/garbage_classification/cardboard/cardboard100.jpg,cardboard,clothes,0.5412177443504333
/kaggle/input/datasets/mostafaabla/garbage-classification/garbage_classification/clothes/clothes746.jpg,clothes,paper,0.756382167339325
/kaggle/input/datasets/mostafaabla/garbage-classification/garbage_classification/shoes/shoes1060.jpg,shoes,battery,0.523476243019104
/kaggle/input/datasets/mostafaabla/garbage-classification/garbage_classification/white-glass/white-glass246.jpg,white-glass,trash,0.628136396408081
/kaggle/input/datasets/mostafaabla/garbage-classification/garbage_classification/cardboard/cardboard561.jpg,cardboard,trash,0.5606724619865417
/kaggle/input/datasets/mostafaabla/garbage-classification/garbage_classification/metal/metal296.jpg,metal,brown-glass,0.6130069494247437
/kaggle/input/datasets/mostafaabla/garbage-classification/garbage_classification/clothes/clothes907.jpg,clothes,shoes,0.42087018489837646
/kaggle/input/datasets/mostafaabla/garbage-classification/garbage_classification/shoes/shoes623.jpg,shoes,battery,0.6304895281791687
/kaggle/input/datasets/mostafaabla/garbage-classification/garbage_classification/trash/trash39.jpg,trash,white-glass,0.4755626320838928
/kaggle/input/datasets/mostafaabla/garbage-classification/garbage_classification/paper/paper1023.jpg,paper,clothes,0.611750602722168
/kaggle/input/datasets/mostafaabla/garbage-classification/garbage_classification/battery/battery892.jpg,battery,shoes,0.22157424688339233
/kaggle/input/datasets/mostafaabla/garbage-classification/garbage_classification/biological/biological240.jpg,biological,shoes,0.3299681842327118
/kaggle/input/datasets/mostafaabla/garbage-classification/garbage_classification/plastic/plastic328.jpg,plastic,paper,0.47090429067611694
/kaggle/input/datasets/mostafaabla/garbage-classification/garbage_classification/shoes/shoes55.jpg,shoes,battery,0.47035107016563416
/kaggle/input/datasets/mostafaabla/garbage-classification/garbage_classification/plastic/plastic559.jpg,plastic,paper,0.24747760593891144
/kaggle/input/datasets/mostafaabla/garbage-classification/garbage_classification/shoes/shoes1013.jpg,shoes,clothes,0.7662689685821533
/kaggle/input/datasets/mostafaabla/garbage-classification/garbage_classification/clothes/clothes336.jpg,clothes,white-glass,0.3818780779838562
/kaggle/input/datasets/mostafaabla/garbage-classification/garbage_classification/plastic/plastic840.jpg,plastic,trash,0.655967652797699
/kaggle/input/datasets/mostafaabla/garbage-classification/garbage_classification/clothes/clothes3909.jpg,clothes,plastic,0.3252594470977783
/kaggle/input/datasets/mostafaabla/garbage-classification/garbage_classification/metal/metal703.jpg,metal,white-glass,0.2642539441585541
/kaggle/input/datasets/mostafaabla/garbage-classification/garbage_classification/shoes/shoes1425.jpg,shoes,clothes,0.3313640058040619
/kaggle/input/datasets/mostafaabla/garbage-classification/garbage_classification/plastic/plastic342.jpg,plastic,shoes,0.2653579115867615
/kaggle/input/datasets/mostafaabla/garbage-classification/garbage_classification/biological/biological204.jpg,biological,clothes,0.45000413060188293
/kaggle/input/datasets/mostafaabla/garbage-classification/garbage_classification/shoes/shoes1839.jpg,shoes,clothes,0.7060180902481079
/kaggle/input/datasets/mostafaabla/garbage-classification/garbage_classification/clothes/clothes3044.jpg,clothes,cardboard,0.42416176199913025
/kaggle/input/datasets/mostafaabla/garbage-classification/garbage_classification/trash/trash288.jpg,trash,plastic,0.5624803304672241
/kaggle/input/datasets/mostafaabla/garbage-classification/garbage_classification/shoes/shoes1855.jpg,shoes,clothes,0.7289051413536072
/kaggle/input/datasets/mostafaabla/garbage-classification/garbage_classification/white-glass/white-glass74.jpg,white-glass,paper,0.4282964766025543
/kaggle/input/datasets/mostafaabla/garbage-classification/garbage_classification/brown-glass/brown-glass227.jpg,brown-glass,green-glass,0.17506149411201477
/kaggle/input/datasets/mostafaabla/garbage-classification/garbage_classification/metal/metal695.jpg,metal,plastic,0.31028640270233154
/kaggle/input/datasets/mostafaabla/garbage-classification/garbage_classification/metal/metal613.jpg,metal,shoes,0.7137759327888489
/kaggle/input/datasets/mostafaabla/garbage-classification/garbage_classification/cardboard/cardboard888.jpg,cardboard,plastic,0.644733190536499
/kaggle/input/datasets/mostafaabla/garbage-classification/garbage_classification/plastic/plastic471.jpg,plastic,battery,0.46370941400527954
/kaggle/input/datasets/mostafaabla/garbage-classification/garbage_classification/shoes/shoes1753.jpg,shoes,clothes,0.5278897881507874
/kaggle/input/datasets/mostafaabla/garbage-classification/garbage_classification/clothes/clothes2249.jpg,clothes,plastic,0.3287630081176758
/kaggle/input/datasets/mostafaabla/garbage-classification/garbage_classification/plastic/plastic500.jpg,plastic,battery,0.6288458704948425
/kaggle/input/datasets/mostafaabla/garbage-classification/garbage_classification/shoes/shoes380.jpg,shoes,cardboard,0.9141477346420288
/kaggle/input/datasets/mostafaabla/garbage-classification/garbage_classification/biological/biological257.jpg,biological,clothes,0.46973344683647156
/kaggle/input/datasets/mostafaabla/garbage-classification/garbage_classification/metal/metal669.jpg,metal,plastic,0.3669852614402771
/kaggle/input/datasets/mostafaabla/garbage-classification/garbage_classification/shoes/shoes1826.jpg,shoes,clothes,0.5814904570579529
/kaggle/input/datasets/mostafaabla/garbage-classification/garbage_classification/white-glass/white-glass677.jpg,white-glass,trash,0.5598828196525574
/kaggle/input/datasets/mostafaabla/garbage-classification/garbage_classification/shoes/shoes941.jpg,shoes,battery,0.6698680520057678
/kaggle/input/datasets/mostafaabla/garbage-classification/garbage_classification/trash/trash126.jpg,trash,metal,0.3622760474681854
/kaggle/input/datasets/mostafaabla/garbage-classification/garbage_classification/shoes/shoes959.jpg,shoes,battery,0.5911645889282227
/kaggle/input/datasets/mostafaabla/garbage-classification/garbage_classification/white-glass/white-glass185.jpg,white-glass,plastic,0.6649181246757507
/kaggle/input/datasets/mostafaabla/garbage-classification/garbage_classification/battery/battery541.jpg,battery,shoes,0.5486677885055542
/kaggle/input/datasets/mostafaabla/garbage-classification/garbage_classification/shoes/shoes1169.jpg,shoes,clothes,0.44126251339912415
/kaggle/input/datasets/mostafaabla/garbage-classification/garbage_classification/white-glass/white-glass295.jpg,white-glass,metal,0.5019501447677612
/kaggle/input/datasets/mostafaabla/garbage-classification/garbage_classification/metal/metal408.jpg,metal,clothes,0.6573785543441772
/kaggle/input/datasets/mostafaabla/garbage-classification/garbage_classification/metal/metal681.jpg,metal,biological,0.48119136691093445
/kaggle/input/datasets/mostafaabla/garbage-classification/garbage_classification/cardboard/cardboard215.jpg,cardboard,clothes,0.6715405583381653
/kaggle/input/datasets/mostafaabla/garbage-classification/garbage_classification/shoes/shoes153.jpg,shoes,metal,0.47529107332229614
/kaggle/input/datasets/mostafaabla/garbage-classification/garbage_classification/paper/paper766.jpg,paper,plastic,0.4204186499118805
/kaggle/input/datasets/mostafaabla/garbage-classification/garbage_classification/battery/battery461.jpg,battery,shoes,0.6285936832427979
/kaggle/input/datasets/mostafaabla/garbage-classification/garbage_classification/clothes/clothes4702.jpg,clothes,cardboard,0.8780729174613953
/kaggle/input/datasets/mostafaabla/garbage-classification/garbage_classification/green-glass/green-glass153.jpg,green-glass,biological,0.5336501002311707
/kaggle/input/datasets/mostafaabla/garbage-classification/garbage_classification/shoes/shoes107.jpg,shoes,battery,0.7032709121704102
/kaggle/input/datasets/mostafaabla/garbage-classification/garbage_classification/plastic/plastic781.jpg,plastic,white-glass,0.41711342334747314
/kaggle/input/datasets/mostafaabla/garbage-classification/garbage_classification/paper/paper124.jpg,paper,clothes,0.7756830453872681
/kaggle/input/datasets/mostafaabla/garbage-classification/garbage_classification/shoes/shoes236.jpg,shoes,clothes,0.4173451364040375
/kaggle/input/datasets/mostafaabla/garbage-classification/garbage_classification/biological/biological654.jpg,biological,clothes,0.2708751857280731
/kaggle/input/datasets/mostafaabla/garbage-classification/garbage_classification/paper/paper970.jpg,paper,plastic,0.3206688463687897
/kaggle/input/datasets/mostafaabla/garbage-classification/garbage_classification/plastic/plastic422.jpg,plastic,paper,0.24163326621055603
/kaggle/input/datasets/mostafaabla/garbage-classification/garbage_classification/shoes/shoes56.jpg,shoes,clothes,0.5718487501144409
/kaggle/input/datasets/mostafaabla/garbage-classification/garbage_classification/brown-glass/brown-glass317.jpg,brown-glass,shoes,0.24008631706237793
/kaggle/input/datasets/mostafaabla/garbage-classification/garbage_classification/plastic/plastic731.jpg,plastic,trash,0.556327760219574
/kaggle/input/datasets/mostafaabla/garbage-classification/garbage_classification/shoes/shoes1265.jpg,shoes,metal,0.8130218982696533
/kaggle/input/datasets/mostafaabla/garbage-classification/garbage_classification/battery/battery392.jpg,battery,shoes,0.49360036849975586
/kaggle/input/datasets/mostafaabla/garbage-classification/garbage_classification/plastic/plastic558.jpg,plastic,trash,0.7906196117401123
/kaggle/input/datasets/mostafaabla/garbage-classification/garbage_classification/paper/paper1028.jpg,paper,cardboard,0.8594430088996887
/kaggle/input/datasets/mostafaabla/garbage-classification/garbage_classification/white-glass/white-glass232.jpg,white-glass,paper,0.3184345066547394
/kaggle/input/datasets/mostafaabla/garbage-classification/garbage_classification/battery/battery720.jpg,battery,brown-glass,0.20853522419929504
/kaggle/input/datasets/mostafaabla/garbage-classification/garbage_classification/plastic/plastic757.jpg,plastic,trash,0.49229422211647034
/kaggle/input/datasets/mostafaabla/garbage-classification/garbage_classification/biological/biological795.jpg,biological,brown-glass,0.5038323998451233
/kaggle/input/datasets/mostafaabla/garbage-classification/garbage_classification/plastic/plastic634.jpg,plastic,clothes,0.5651014447212219
/kaggle/input/datasets/mostafaabla/garbage-classification/garbage_classification/plastic/plastic778.jpg,plastic,paper,0.48005226254463196
/kaggle/input/datasets/mostafaabla/garbage-classification/garbage_classification/plastic/plastic109.jpg,plastic,paper,0.24243797361850739
/kaggle/input/datasets/mostafaabla/garbage-classification/garbage_classification/metal/metal343.jpg,metal,shoes,0.36342671513557434
/kaggle/input/datasets/mostafaabla/garbage-classification/garbage_classification/metal/metal643.jpg,metal,trash,0.5879135131835938
/kaggle/input/datasets/mostafaabla/garbage-classification/garbage_classification/shoes/shoes937.jpg,shoes,clothes,0.33277857303619385
/kaggle/input/datasets/mostafaabla/garbage-classification/garbage_classification/metal/metal180.jpg,metal,clothes,0.31342506408691406
/kaggle/input/datasets/mostafaabla/garbage-classification/garbage_classification/clothes/clothes58.jpg,clothes,battery,0.795677900314331
/kaggle/input/datasets/mostafaabla/garbage-classification/garbage_classification/metal/metal288.jpg,metal,biological,0.2931582033634186
/kaggle/input/datasets/mostafaabla/garbage-classification/garbage_classification/shoes/shoes736.jpg,shoes,clothes,0.7830345034599304
/kaggle/input/datasets/mostafaabla/garbage-classification/garbage_classification/brown-glass/brown-glass466.jpg,brown-glass,shoes,0.7251325249671936
/kaggle/input/datasets/mostafaabla/garbage-classification/garbage_classification/plastic/plastic806.jpg,plastic,trash,0.613386332988739
/kaggle/input/datasets/mostafaabla/garbage-classification/garbage_classification/white-glass/white-glass472.jpg,white-glass,trash,0.6987888813018799
/kaggle/input/datasets/mostafaabla/garbage-classification/garbage_classification/white-glass/white-glass321.jpg,white-glass,paper,0.5168939828872681
/kaggle/input/datasets/mostafaabla/garbage-classification/garbage_classification/shoes/shoes681.jpg,shoes,battery,0.6388902068138123
/kaggle/input/datasets/mostafaabla/garbage-classification/garbage_classification/biological/biological488.jpg,biological,clothes,0.6627472043037415
/kaggle/input/datasets/mostafaabla/garbage-classification/garbage_classification/paper/paper501.jpg,paper,shoes,0.32706505060195923
/kaggle/input/datasets/mostafaabla/garbage-classification/garbage_classification/shoes/shoes110.jpg,shoes,trash,0.4429866075515747
/kaggle/input/datasets/mostafaabla/garbage-classification/garbage_classification/white-glass/white-glass581.jpg,white-glass,battery,0.4428134262561798
/kaggle/input/datasets/mostafaabla/garbage-classification/garbage_classification/metal/metal545.jpg,metal,plastic,0.6544495224952698
/kaggle/input/datasets/mostafaabla/garbage-classification/garbage_classification/shoes/shoes1687.jpg,shoes,clothes,0.8560687899589539
/kaggle/input/datasets/mostafaabla/garbage-classification/garbage_classification/shoes/shoes1771.jpg,shoes,clothes,0.8000646829605103
/kaggle/input/datasets/mostafaabla/garbage-classification/garbage_classification/shoes/shoes787.jpg,shoes,paper,0.6400740742683411
/kaggle/input/datasets/mostafaabla/garbage-classification/garbage_classification/brown-glass/brown-glass248.jpg,brown-glass,metal,0.162933811545372
/kaggle/input/datasets/mostafaabla/garbage-classification/garbage_classification/metal/metal661.jpg,metal,white-glass,0.35426804423332214
/kaggle/input/datasets/mostafaabla/garbage-classification/garbage_classification/trash/trash5.jpg,trash,biological,0.22073350846767426
/kaggle/input/datasets/mostafaabla/garbage-classification/garbage_classification/shoes/shoes441.jpg,shoes,biological,0.5017256736755371
/kaggle/input/datasets/mostafaabla/garbage-classification/garbage_classification/battery/battery115.jpg,battery,trash,0.7962296009063721
/kaggle/input/datasets/mostafaabla/garbage-classification/garbage_classification/white-glass/white-glass535.jpg,white-glass,trash,0.4829927384853363
/kaggle/input/datasets/mostafaabla/garbage-classification/garbage_classification/shoes/shoes1892.jpg,shoes,clothes,0.8176950216293335
/kaggle/input/datasets/mostafaabla/garbage-classification/garbage_classification/white-glass/white-glass469.jpg,white-glass,trash,0.5064403414726257
/kaggle/input/datasets/mostafaabla/garbage-classification/garbage_classification/cardboard/cardboard800.jpg,cardboard,shoes,0.25075340270996094
/kaggle/input/datasets/mostafaabla/garbage-classification/garbage_classification/green-glass/green-glass525.jpg,green-glass,battery,0.5244391560554504
/kaggle/input/datasets/mostafaabla/garbage-classification/garbage_classification/brown-glass/brown-glass582.jpg,brown-glass,clothes,0.26024681329727173
/kaggle/input/datasets/mostafaabla/garbage-classification/garbage_classification/battery/battery913.jpg,battery,plastic,0.5166317224502563
/kaggle/input/datasets/mostafaabla/garbage-classification/garbage_classification/trash/trash451.jpg,trash,white-glass,0.4056691825389862
/kaggle/input/datasets/mostafaabla/garbage-classification/garbage_classification/clothes/clothes4258.jpg,clothes,plastic,0.47218912839889526
/kaggle/input/datasets/mostafaabla/garbage-classification/garbage_classification/metal/metal375.jpg,metal,paper,0.26476341485977173
/kaggle/input/datasets/mostafaabla/garbage-classification/garbage_classification/white-glass/white-glass417.jpg,white-glass,trash,0.4936768412590027
/kaggle/input/datasets/mostafaabla/garbage-classification/garbage_classification/white-glass/white-glass359.jpg,white-glass,trash,0.44696876406669617
/kaggle/input/datasets/mostafaabla/garbage-classification/garbage_classification/clothes/clothes5302.jpg,clothes,metal,0.42406436800956726
/kaggle/input/datasets/mostafaabla/garbage-classification/garbage_classification/shoes/shoes950.jpg,shoes,battery,0.39286449551582336
/kaggle/input/datasets/mostafaabla/garbage-classification/garbage_classification/white-glass/white-glass49.jpg,white-glass,trash,0.2890489399433136
/kaggle/input/datasets/mostafaabla/garbage-classification/garbage_classification/plastic/plastic668.jpg,plastic,paper,0.388958603143692
/kaggle/input/datasets/mostafaabla/garbage-classification/garbage_classification/clothes/clothes3213.jpg,clothes,plastic,0.5311143398284912
/kaggle/input/datasets/mostafaabla/garbage-classification/garbage_classification/brown-glass/brown-glass167.jpg,brown-glass,paper,0.29817408323287964
/kaggle/input/datasets/mostafaabla/garbage-classification/garbage_classification/metal/metal512.jpg,metal,white-glass,0.34845295548439026
/kaggle/input/datasets/mostafaabla/garbage-classification/garbage_classification/white-glass/white-glass34.jpg,white-glass,plastic,0.6117960214614868
/kaggle/input/datasets/mostafaabla/garbage-classification/garbage_classification/plastic/plastic276.jpg,plastic,white-glass,0.613957941532135
/kaggle/input/datasets/mostafaabla/garbage-classification/garbage_classification/shoes/shoes1195.jpg,shoes,clothes,0.5878437757492065
/kaggle/input/datasets/mostafaabla/garbage-classification/garbage_classification/plastic/plastic701.jpg,plastic,metal,0.3903619349002838
/kaggle/input/datasets/mostafaabla/garbage-classification/garbage_classification/brown-glass/brown-glass95.jpg,brown-glass,shoes,0.5364528298377991
/kaggle/input/datasets/mostafaabla/garbage-classification/garbage_classification/paper/paper534.jpg,paper,clothes,0.7785927653312683
/kaggle/input/datasets/mostafaabla/garbage-classification/garbage_classification/clothes/clothes3556.jpg,clothes,paper,0.8353757858276367
/kaggle/input/datasets/mostafaabla/garbage-classification/garbage_classification/battery/battery12.jpg,battery,green-glass,0.9225497245788574
/kaggle/input/datasets/mostafaabla/garbage-classification/garbage_classification/shoes/shoes1045.jpg,shoes,cardboard,0.3421981632709503
/kaggle/input/datasets/mostafaabla/garbage-classification/garbage_classification/clothes/clothes1281.jpg,clothes,biological,0.3610299527645111
/kaggle/input/datasets/mostafaabla/garbage-classification/garbage_classification/shoes/shoes546.jpg,shoes,battery,0.40604323148727417
/kaggle/input/datasets/mostafaabla/garbage-classification/garbage_classification/battery/battery257.jpg,battery,metal,0.5839715600013733
/kaggle/input/datasets/mostafaabla/garbage-classification/garbage_classification/clothes/clothes5027.jpg,clothes,paper,0.5296597480773926
/kaggle/input/datasets/mostafaabla/garbage-classification/garbage_classification/brown-glass/brown-glass417.jpg,brown-glass,shoes,0.5739055275917053
/kaggle/input/datasets/mostafaabla/garbage-classification/garbage_classification/brown-glass/brown-glass54.jpg,brown-glass,clothes,0.5685798525810242
/kaggle/input/datasets/mostafaabla/garbage-classification/garbage_classification/clothes/clothes4878.jpg,clothes,paper,0.6929022073745728
/kaggle/input/datasets/mostafaabla/garbage-classification/garbage_classification/trash/trash497.jpg,trash,white-glass,0.5550245642662048
/kaggle/input/datasets/mostafaabla/garbage-classification/garbage_classification/shoes/shoes972.jpg,shoes,white-glass,0.6399970650672913
/kaggle/input/datasets/mostafaabla/garbage-classification/garbage_classification/plastic/plastic371.jpg,plastic,clothes,0.4877484440803528
/kaggle/input/datasets/mostafaabla/garbage-classification/garbage_classification/shoes/shoes559.jpg,shoes,battery,0.5909243822097778
/kaggle/input/datasets/mostafaabla/garbage-classification/garbage_classification/clothes/clothes4409.jpg,clothes,paper,0.44838547706604004
/kaggle/input/datasets/mostafaabla/garbage-classification/garbage_classification/plastic/plastic851.jpg,plastic,white-glass,0.3547293245792389
/kaggle/input/datasets/mostafaabla/garbage-classification/garbage_classification/metal/metal729.jpg,metal,brown-glass,0.711094081401825
/kaggle/input/datasets/mostafaabla/garbage-classification/garbage_classification/biological/biological335.jpg,biological,shoes,0.32307741045951843
/kaggle/input/datasets/mostafaabla/garbage-classification/garbage_classification/shoes/shoes1553.jpg,shoes,clothes,0.6556611657142639
/kaggle/input/datasets/mostafaabla/garbage-classification/garbage_classification/brown-glass/brown-glass472.jpg,brown-glass,shoes,0.9365384578704834
/kaggle/input/datasets/mostafaabla/garbage-classification/garbage_classification/brown-glass/brown-glass507.jpg,brown-glass,shoes,0.6107214093208313
/kaggle/input/datasets/mostafaabla/garbage-classification/garbage_classification/metal/metal11.jpg,metal,white-glass,0.48165225982666016
/kaggle/input/datasets/mostafaabla/garbage-classification/garbage_classification/shoes/shoes853.jpg,shoes,battery,0.6452040076255798
/kaggle/input/datasets/mostafaabla/garbage-classification/garbage_classification/paper/paper1036.jpg,paper,plastic,0.3383583724498749
/kaggle/input/datasets/mostafaabla/garbage-classification/garbage_classification/metal/metal82.jpg,metal,paper,0.29119089245796204
/kaggle/input/datasets/mostafaabla/garbage-classification/garbage_classification/cardboard/cardboard359.jpg,cardboard,shoes,0.5491283535957336
/kaggle/input/datasets/mostafaabla/garbage-classification/garbage_classification/metal/metal518.jpg,metal,biological,0.3801403045654297
/kaggle/input/datasets/mostafaabla/garbage-classification/garbage_classification/shoes/shoes301.jpg,shoes,white-glass,0.4589458703994751
/kaggle/input/datasets/mostafaabla/garbage-classification/garbage_classification/metal/metal395.jpg,metal,paper,0.3113349676132202
/kaggle/input/datasets/mostafaabla/garbage-classification/garbage_classification/cardboard/cardboard682.jpg,cardboard,metal,0.23779554665088654
/kaggle/input/datasets/mostafaabla/garbage-classification/garbage_classification/metal/metal662.jpg,metal,trash,0.5234397053718567
/kaggle/input/datasets/mostafaabla/garbage-classification/garbage_classification/brown-glass/brown-glass456.jpg,brown-glass,shoes,0.5262887477874756
/kaggle/input/datasets/mostafaabla/garbage-classification/garbage_classification/white-glass/white-glass694.jpg,white-glass,trash,0.2873639464378357
/kaggle/input/datasets/mostafaabla/garbage-classification/garbage_classification/plastic/plastic205.jpg,plastic,clothes,0.6399387121200562
/kaggle/input/datasets/mostafaabla/garbage-classification/garbage_classification/brown-glass/brown-glass124.jpg,brown-glass,trash,0.40909144282341003
/kaggle/input/datasets/mostafaabla/garbage-classification/garbage_classification/plastic/plastic616.jpg,plastic,battery,0.22543928027153015
/kaggle/input/datasets/mostafaabla/garbage-classification/garbage_classification/shoes/shoes424.jpg,shoes,battery,0.6755036115646362
/kaggle/input/datasets/mostafaabla/garbage-classification/garbage_classification/brown-glass/brown-glass296.jpg,brown-glass,shoes,0.5299949049949646
/kaggle/input/datasets/mostafaabla/garbage-classification/garbage_classification/metal/metal183.jpg,metal,shoes,0.2546026110649109
/kaggle/input/datasets/mostafaabla/garbage-classification/garbage_classification/metal/metal207.jpg,metal,paper,0.4253248870372772
/kaggle/input/datasets/mostafaabla/garbage-classification/garbage_classification/biological/biological11.jpg,biological,shoes,0.5048696994781494
/kaggle/input/datasets/mostafaabla/garbage-classification/garbage_classification/trash/trash530.jpg,trash,battery,0.3002416789531708
/kaggle/input/datasets/mostafaabla/garbage-classification/garbage_classification/shoes/shoes1587.jpg,shoes,metal,0.30664268136024475
/kaggle/input/datasets/mostafaabla/garbage-classification/garbage_classification/shoes/shoes1666.jpg,shoes,clothes,0.49949219822883606
/kaggle/input/datasets/mostafaabla/garbage-classification/garbage_classification/cardboard/cardboard753.jpg,cardboard,shoes,0.6389433741569519
/kaggle/input/datasets/mostafaabla/garbage-classification/garbage_classification/clothes/clothes1179.jpg,clothes,shoes,0.21181777119636536
/kaggle/input/datasets/mostafaabla/garbage-classification/garbage_classification/clothes/clothes3927.jpg,clothes,brown-glass,0.7416664958000183
/kaggle/input/datasets/mostafaabla/garbage-classification/garbage_classification/metal/metal759.jpg,metal,white-glass,0.28873756527900696
/kaggle/input/datasets/mostafaabla/garbage-classification/garbage_classification/brown-glass/brown-glass401.jpg,brown-glass,clothes,0.4604485332965851
/kaggle/input/datasets/mostafaabla/garbage-classification/garbage_classification/plastic/plastic444.jpg,plastic,green-glass,0.3549080789089203
/kaggle/input/datasets/mostafaabla/garbage-classification/garbage_classification/battery/battery668.jpg,battery,white-glass,0.3661189675331116
/kaggle/input/datasets/mostafaabla/garbage-classification/garbage_classification/white-glass/white-glass316.jpg,white-glass,trash,0.5181971788406372
/kaggle/input/datasets/mostafaabla/garbage-classification/garbage_classification/brown-glass/brown-glass339.jpg,brown-glass,shoes,0.24977724254131317
/kaggle/input/datasets/mostafaabla/garbage-classification/garbage_classification/white-glass/white-glass178.jpg,white-glass,plastic,0.3700597286224365
/kaggle/input/datasets/mostafaabla/garbage-classification/garbage_classification/white-glass/white-glass208.jpg,white-glass,plastic,0.5641583204269409
/kaggle/input/datasets/mostafaabla/garbage-classification/garbage_classification/white-glass/white-glass113.jpg,white-glass,trash,0.6355541944503784
/kaggle/input/datasets/mostafaabla/garbage-classification/garbage_classification/clothes/clothes266.jpg,clothes,paper,0.7327362895011902
/kaggle/input/datasets/mostafaabla/garbage-classification/garbage_classification/shoes/shoes1541.jpg,shoes,clothes,0.5514524579048157
/kaggle/input/datasets/mostafaabla/garbage-classification/garbage_classification/cardboard/cardboard529.jpg,cardboard,plastic,0.2663385272026062
/kaggle/input/datasets/mostafaabla/garbage-classification/garbage_classification/white-glass/white-glass341.jpg,white-glass,plastic,0.274874210357666
/kaggle/input/datasets/mostafaabla/garbage-classification/garbage_classification/white-glass/white-glass76.jpg,white-glass,paper,0.33149540424346924
/kaggle/input/datasets/mostafaabla/garbage-classification/garbage_classification/brown-glass/brown-glass402.jpg,brown-glass,shoes,0.5015597343444824
/kaggle/input/datasets/mostafaabla/garbage-classification/garbage_classification/metal/metal104.jpg,metal,clothes,0.7286074757575989
/kaggle/input/datasets/mostafaabla/garbage-classification/garbage_classification/shoes/shoes1656.jpg,shoes,metal,0.458716481924057
/kaggle/input/datasets/mostafaabla/garbage-classification/garbage_classification/brown-glass/brown-glass142.jpg,brown-glass,biological,0.47048187255859375
/kaggle/input/datasets/mostafaabla/garbage-classification/garbage_classification/clothes/clothes1313.jpg,clothes,paper,0.6543459892272949
/kaggle/input/datasets/mostafaabla/garbage-classification/garbage_classification/metal/metal686.jpg,metal,white-glass,0.4935643672943115
/kaggle/input/datasets/mostafaabla/garbage-classification/garbage_classification/metal/metal382.jpg,metal,brown-glass,0.9154196381568909
/kaggle/input/datasets/mostafaabla/garbage-classification/garbage_classification/shoes/shoes1717.jpg,shoes,battery,0.5342772603034973
/kaggle/input/datasets/mostafaabla/garbage-classification/garbage_classification/plastic/plastic508.jpg,plastic,trash,0.6235501766204834
/kaggle/input/datasets/mostafaabla/garbage-classification/garbage_classification/shoes/shoes143.jpg,shoes,clothes,0.5209290385246277
/kaggle/input/datasets/mostafaabla/garbage-classification/garbage_classification/shoes/shoes570.jpg,shoes,trash,0.27603471279144287
/kaggle/input/datasets/mostafaabla/garbage-classification/garbage_classification/shoes/shoes705.jpg,shoes,biological,0.5242505073547363
/kaggle/input/datasets/mostafaabla/garbage-classification/garbage_classification/cardboard/cardboard341.jpg,cardboard,shoes,0.42949000000953674
/kaggle/input/datasets/mostafaabla/garbage-classification/garbage_classification/battery/battery31.jpg,battery,green-glass,0.883775532245636
/kaggle/input/datasets/mostafaabla/garbage-classification/garbage_classification/shoes/shoes1875.jpg,shoes,clothes,0.3253127932548523
/kaggle/input/datasets/mostafaabla/garbage-classification/garbage_classification/metal/metal434.jpg,metal,paper,0.2948194146156311
/kaggle/input/datasets/mostafaabla/garbage-classification/garbage_classification/clothes/clothes837.jpg,clothes,shoes,0.27625784277915955
/kaggle/input/datasets/mostafaabla/garbage-classification/garbage_classification/battery/battery495.jpg,battery,white-glass,0.3359356224536896
/kaggle/input/datasets/mostafaabla/garbage-classification/garbage_classification/cardboard/cardboard334.jpg,cardboard,clothes,0.48546624183654785
/kaggle/input/datasets/mostafaabla/garbage-classification/garbage_classification/battery/battery230.jpg,battery,plastic,0.8088619112968445
/kaggle/input/datasets/mostafaabla/garbage-classification/garbage_classification/shoes/shoes859.jpg,shoes,clothes,0.2864932119846344
/kaggle/input/datasets/mostafaabla/garbage-classification/garbage_classification/shoes/shoes1557.jpg,shoes,battery,0.5411891937255859
/kaggle/input/datasets/mostafaabla/garbage-classification/garbage_classification/biological/biological18.jpg,biological,metal,0.21207977831363678
/kaggle/input/datasets/mostafaabla/garbage-classification/garbage_classification/shoes/shoes1073.jpg,shoes,plastic,0.35590508580207825
/kaggle/input/datasets/mostafaabla/garbage-classification/garbage_classification/metal/metal72.jpg,metal,clothes,0.6543436646461487
/kaggle/input/datasets/mostafaabla/garbage-classification/garbage_classification/plastic/plastic475.jpg,plastic,green-glass,0.9728777408599854
/kaggle/input/datasets/mostafaabla/garbage-classification/garbage_classification/cardboard/cardboard830.jpg,cardboard,shoes,0.37616825103759766
/kaggle/input/datasets/mostafaabla/garbage-classification/garbage_classification/biological/biological679.jpg,biological,battery,0.2717452943325043
/kaggle/input/datasets/mostafaabla/garbage-classification/garbage_classification/brown-glass/brown-glass76.jpg,brown-glass,shoes,0.5803683996200562
/kaggle/input/datasets/mostafaabla/garbage-classification/garbage_classification/metal/metal493.jpg,metal,plastic,0.5967416167259216
/kaggle/input/datasets/mostafaabla/garbage-classification/garbage_classification/cardboard/cardboard701.jpg,cardboard,biological,0.3108580708503723
/kaggle/input/datasets/mostafaabla/garbage-classification/garbage_classification/shoes/shoes1747.jpg,shoes,clothes,0.7419078350067139
/kaggle/input/datasets/mostafaabla/garbage-classification/garbage_classification/shoes/shoes1123.jpg,shoes,clothes,0.6348789930343628
/kaggle/input/datasets/mostafaabla/garbage-classification/garbage_classification/cardboard/cardboard148.jpg,cardboard,clothes,0.6786315441131592
/kaggle/input/datasets/mostafaabla/garbage-classification/garbage_classification/white-glass/white-glass241.jpg,white-glass,paper,0.350605309009552
/kaggle/input/datasets/mostafaabla/garbage-classification/garbage_classification/metal/metal392.jpg,metal,battery,0.4018714427947998
/kaggle/input/datasets/mostafaabla/garbage-classification/garbage_classification/shoes/shoes1917.jpg,shoes,clothes,0.48328250646591187
/kaggle/input/datasets/mostafaabla/garbage-classification/garbage_classification/battery/battery67.jpg,battery,shoes,0.414423406124115
/kaggle/input/datasets/mostafaabla/garbage-classification/garbage_classification/shoes/shoes278.jpg,shoes,biological,0.6036367416381836
/kaggle/input/datasets/mostafaabla/garbage-classification/garbage_classification/plastic/plastic459.jpg,plastic,clothes,0.6094456911087036
/kaggle/input/datasets/mostafaabla/garbage-classification/garbage_classification/white-glass/white-glass69.jpg,white-glass,paper,0.3798094391822815
/kaggle/input/datasets/mostafaabla/garbage-classification/garbage_classification/clothes/clothes4663.jpg,clothes,plastic,0.3501932621002197
/kaggle/input/datasets/mostafaabla/garbage-classification/garbage_classification/shoes/shoes213.jpg,shoes,cardboard,0.5552673935890198
/kaggle/input/datasets/mostafaabla/garbage-classification/garbage_classification/plastic/plastic804.jpg,plastic,trash,0.72528076171875
/kaggle/input/datasets/mostafaabla/garbage-classification/garbage_classification/paper/paper103.jpg,paper,clothes,0.806450605392456
/kaggle/input/datasets/mostafaabla/garbage-classification/garbage_classification/shoes/shoes841.jpg,shoes,cardboard,0.5995129942893982
/kaggle/input/datasets/mostafaabla/garbage-classification/garbage_classification/shoes/shoes1904.jpg,shoes,clothes,0.5566115975379944
/kaggle/input/datasets/mostafaabla/garbage-classification/garbage_classification/white-glass/white-glass298.jpg,white-glass,plastic,0.3983484208583832
/kaggle/input/datasets/mostafaabla/garbage-classification/garbage_classification/paper/paper1038.jpg,paper,plastic,0.2524135112762451
/kaggle/input/datasets/mostafaabla/garbage-classification/garbage_classification/clothes/clothes1618.jpg,clothes,biological,0.444435179233551
/kaggle/input/datasets/mostafaabla/garbage-classification/garbage_classification/shoes/shoes159.jpg,shoes,trash,0.6606823205947876
/kaggle/input/datasets/mostafaabla/garbage-classification/garbage_classification/shoes/shoes262.jpg,shoes,metal,0.3448946177959442
/kaggle/input/datasets/mostafaabla/garbage-classification/garbage_classification/metal/metal355.jpg,metal,shoes,0.1846119910478592
/kaggle/input/datasets/mostafaabla/garbage-classification/garbage_classification/clothes/clothes2345.jpg,clothes,paper,0.4266689717769623
/kaggle/input/datasets/mostafaabla/garbage-classification/garbage_classification/biological/biological474.jpg,biological,cardboard,0.7356827259063721
/kaggle/input/datasets/mostafaabla/garbage-classification/garbage_classification/shoes/shoes1716.jpg,shoes,clothes,0.4911344051361084
/kaggle/input/datasets/mostafaabla/garbage-classification/garbage_classification/shoes/shoes536.jpg,shoes,clothes,0.8681811690330505
/kaggle/input/datasets/mostafaabla/garbage-classification/garbage_classification/cardboard/cardboard816.jpg,cardboard,biological,0.8948874473571777
/kaggle/input/datasets/mostafaabla/garbage-classification/garbage_classification/clothes/clothes4835.jpg,clothes,paper,0.19904063642024994
/kaggle/input/datasets/mostafaabla/garbage-classification/garbage_classification/cardboard/cardboard427.jpg,cardboard,clothes,0.2608388662338257
/kaggle/input/datasets/mostafaabla/garbage-classification/garbage_classification/cardboard/cardboard748.jpg,cardboard,plastic,0.39185622334480286
/kaggle/input/datasets/mostafaabla/garbage-classification/garbage_classification/metal/metal368.jpg,metal,white-glass,0.48880815505981445
/kaggle/input/datasets/mostafaabla/garbage-classification/garbage_classification/shoes/shoes655.jpg,shoes,battery,0.7893887758255005
/kaggle/input/datasets/mostafaabla/garbage-classification/garbage_classification/biological/biological833.jpg,biological,green-glass,0.8888198733329773
/kaggle/input/datasets/mostafaabla/garbage-classification/garbage_classification/shoes/shoes299.jpg,shoes,battery,0.6307306289672852
/kaggle/input/datasets/mostafaabla/garbage-classification/garbage_classification/plastic/plastic609.jpg,plastic,clothes,0.6533405780792236
/kaggle/input/datasets/mostafaabla/garbage-classification/garbage_classification/shoes/shoes880.jpg,shoes,clothes,0.9069527387619019
/kaggle/input/datasets/mostafaabla/garbage-classification/garbage_classification/shoes/shoes689.jpg,shoes,white-glass,0.3941681385040283
/kaggle/input/datasets/mostafaabla/garbage-classification/garbage_classification/plastic/plastic498.jpg,plastic,battery,0.4264329969882965
/kaggle/input/datasets/mostafaabla/garbage-classification/garbage_classification/cardboard/cardboard362.jpg,cardboard,shoes,0.5340890884399414
/kaggle/input/datasets/mostafaabla/garbage-classification/garbage_classification/shoes/shoes248.jpg,shoes,cardboard,0.4903450906276703
/kaggle/input/datasets/mostafaabla/garbage-classification/garbage_classification/metal/metal380.jpg,metal,paper,0.3233160376548767
/kaggle/input/datasets/mostafaabla/garbage-classification/garbage_classification/cardboard/cardboard613.jpg,cardboard,shoes,0.4453156590461731
/kaggle/input/datasets/mostafaabla/garbage-classification/garbage_classification/clothes/clothes2294.jpg,clothes,paper,0.6853816509246826
/kaggle/input/datasets/mostafaabla/garbage-classification/garbage_classification/trash/trash537.jpg,trash,battery,0.474380761384964
/kaggle/input/datasets/mostafaabla/garbage-classification/garbage_classification/plastic/plastic268.jpg,plastic,green-glass,0.6892755627632141
/kaggle/input/datasets/mostafaabla/garbage-classification/garbage_classification/plastic/plastic429.jpg,plastic,clothes,0.7407048344612122
/kaggle/input/datasets/mostafaabla/garbage-classification/garbage_classification/paper/paper550.jpg,paper,clothes,0.38114118576049805
/kaggle/input/datasets/mostafaabla/garbage-classification/garbage_classification/battery/battery32.jpg,battery,metal,0.41658321022987366
/kaggle/input/datasets/mostafaabla/garbage-classification/garbage_classification/brown-glass/brown-glass218.jpg,brown-glass,biological,0.5474057197570801
/kaggle/input/datasets/mostafaabla/garbage-classification/garbage_classification/metal/metal316.jpg,metal,clothes,0.29217302799224854
/kaggle/input/datasets/mostafaabla/garbage-classification/garbage_classification/plastic/plastic744.jpg,plastic,trash,0.9153266549110413
/kaggle/input/datasets/mostafaabla/garbage-classification/garbage_classification/plastic/plastic358.jpg,plastic,green-glass,0.6311871409416199
/kaggle/input/datasets/mostafaabla/garbage-classification/garbage_classification/shoes/shoes1889.jpg,shoes,clothes,0.5702241659164429
/kaggle/input/datasets/mostafaabla/garbage-classification/garbage_classification/shoes/shoes1526.jpg,shoes,metal,0.3396931290626526
/kaggle/input/datasets/mostafaabla/garbage-classification/garbage_classification/shoes/shoes1632.jpg,shoes,green-glass,0.9549638628959656
/kaggle/input/datasets/mostafaabla/garbage-classification/garbage_classification/clothes/clothes3941.jpg,clothes,paper,0.555960476398468
/kaggle/input/datasets/mostafaabla/garbage-classification/garbage_classification/metal/metal451.jpg,metal,plastic,0.3845449388027191
/kaggle/input/datasets/mostafaabla/garbage-classification/garbage_classification/metal/metal524.jpg,metal,biological,0.20052382349967957
/kaggle/input/datasets/mostafaabla/garbage-classification/garbage_classification/metal/metal169.jpg,metal,biological,0.2656251788139343
/kaggle/input/datasets/mostafaabla/garbage-classification/garbage_classification/metal/metal272.jpg,metal,paper,0.29540887475013733
/kaggle/input/datasets/mostafaabla/garbage-classification/garbage_classification/metal/metal688.jpg,metal,white-glass,0.4635176956653595
/kaggle/input/datasets/mostafaabla/garbage-classification/garbage_classification/shoes/shoes790.jpg,shoes,battery,0.5172684192657471
/kaggle/input/datasets/mostafaabla/garbage-classification/garbage_classification/shoes/shoes168.jpg,shoes,clothes,0.783941388130188
/kaggle/input/datasets/mostafaabla/garbage-classification/garbage_classification/plastic/plastic651.jpg,plastic,trash,0.7473498582839966
/kaggle/input/datasets/mostafaabla/garbage-classification/garbage_classification/metal/metal581.jpg,metal,plastic,0.31583771109580994
/kaggle/input/datasets/mostafaabla/garbage-classification/garbage_classification/battery/battery796.jpg,battery,metal,0.46514028310775757
/kaggle/input/datasets/mostafaabla/garbage-classification/garbage_classification/cardboard/cardboard39.jpg,cardboard,metal,0.32139095664024353
/kaggle/input/datasets/mostafaabla/garbage-classification/garbage_classification/brown-glass/brown-glass322.jpg,brown-glass,shoes,0.36943575739860535
/kaggle/input/datasets/mostafaabla/garbage-classification/garbage_classification/green-glass/green-glass613.jpg,green-glass,biological,0.5903195738792419
/kaggle/input/datasets/mostafaabla/garbage-classification/garbage_classification/biological/biological807.jpg,biological,brown-glass,0.31197571754455566
/kaggle/input/datasets/mostafaabla/garbage-classification/garbage_classification/metal/metal228.jpg,metal,battery,0.3909694254398346
/kaggle/input/datasets/mostafaabla/garbage-classification/garbage_classification/paper/paper622.jpg,paper,clothes,0.47704944014549255
/kaggle/input/datasets/mostafaabla/garbage-classification/garbage_classification/shoes/shoes1431.jpg,shoes,battery,0.638735830783844
/kaggle/input/datasets/mostafaabla/garbage-classification/garbage_classification/shoes/shoes666.jpg,shoes,clothes,0.44332438707351685
/kaggle/input/datasets/mostafaabla/garbage-classification/garbage_classification/brown-glass/brown-glass152.jpg,brown-glass,clothes,0.6821125149726868
/kaggle/input/datasets/mostafaabla/garbage-classification/garbage_classification/shoes/shoes1157.jpg,shoes,biological,0.540527880191803
/kaggle/input/datasets/mostafaabla/garbage-classification/garbage_classification/battery/battery917.jpg,battery,shoes,0.35360464453697205
/kaggle/input/datasets/mostafaabla/garbage-classification/garbage_classification/clothes/clothes1583.jpg,clothes,paper,0.8347505927085876
/kaggle/input/datasets/mostafaabla/garbage-classification/garbage_classification/shoes/shoes121.jpg,shoes,cardboard,0.5607038140296936
/kaggle/input/datasets/mostafaabla/garbage-classification/garbage_classification/shoes/shoes456.jpg,shoes,clothes,0.4900543987751007
/kaggle/input/datasets/mostafaabla/garbage-classification/garbage_classification/shoes/shoes1154.jpg,shoes,clothes,0.4409974217414856
/kaggle/input/datasets/mostafaabla/garbage-classification/garbage_classification/metal/metal116.jpg,metal,paper,0.2875952124595642
/kaggle/input/datasets/mostafaabla/garbage-classification/garbage_classification/shoes/shoes1121.jpg,shoes,clothes,0.2836266756057739
/kaggle/input/datasets/mostafaabla/garbage-classification/garbage_classification/metal/metal93.jpg,metal,clothes,0.3566448986530304
/kaggle/input/datasets/mostafaabla/garbage-classification/garbage_classification/paper/paper301.jpg,paper,clothes,0.4368010461330414
/kaggle/input/datasets/mostafaabla/garbage-classification/garbage_classification/metal/metal399.jpg,metal,clothes,0.40630605816841125
/kaggle/input/datasets/mostafaabla/garbage-classification/garbage_classification/cardboard/cardboard168.jpg,cardboard,clothes,0.4011118710041046
/kaggle/input/datasets/mostafaabla/garbage-classification/garbage_classification/white-glass/white-glass225.jpg,white-glass,plastic,0.5495531558990479
/kaggle/input/datasets/mostafaabla/garbage-classification/garbage_classification/shoes/shoes1784.jpg,shoes,clothes,0.758565366268158
/kaggle/input/datasets/mostafaabla/garbage-classification/garbage_classification/shoes/shoes1918.jpg,shoes,clothes,0.8400655388832092
/kaggle/input/datasets/mostafaabla/garbage-classification/garbage_classification/white-glass/white-glass578.jpg,white-glass,shoes,0.33364829421043396
/kaggle/input/datasets/mostafaabla/garbage-classification/garbage_classification/plastic/plastic2.jpg,plastic,white-glass,0.3780139088630676
/kaggle/input/datasets/mostafaabla/garbage-classification/garbage_classification/battery/battery168.jpg,battery,paper,0.5738325715065002
/kaggle/input/datasets/mostafaabla/garbage-classification/garbage_classification/clothes/clothes4403.jpg,clothes,paper,0.9183349609375
/kaggle/input/datasets/mostafaabla/garbage-classification/garbage_classification/white-glass/white-glass120.jpg,white-glass,plastic,0.2592279016971588
/kaggle/input/datasets/mostafaabla/garbage-classification/garbage_classification/brown-glass/brown-glass312.jpg,brown-glass,paper,0.4069984555244446
/kaggle/input/datasets/mostafaabla/garbage-classification/garbage_classification/battery/battery639.jpg,battery,shoes,0.4825116693973541
/kaggle/input/datasets/mostafaabla/garbage-classification/garbage_classification/paper/paper815.jpg,paper,plastic,0.5506115555763245
/kaggle/input/datasets/mostafaabla/garbage-classification/garbage_classification/trash/trash278.jpg,trash,plastic,0.3319997787475586
/kaggle/input/datasets/mostafaabla/garbage-classification/garbage_classification/paper/paper582.jpg,paper,clothes,0.6464692950248718
/kaggle/input/datasets/mostafaabla/garbage-classification/garbage_classification/white-glass/white-glass222.jpg,white-glass,plastic,0.4623713791370392
/kaggle/input/datasets/mostafaabla/garbage-classification/garbage_classification/shoes/shoes1794.jpg,shoes,cardboard,0.3471427261829376
/kaggle/input/datasets/mostafaabla/garbage-classification/garbage_classification/metal/metal190.jpg,metal,battery,0.41295599937438965
/kaggle/input/datasets/mostafaabla/garbage-classification/garbage_classification/metal/metal445.jpg,metal,white-glass,0.3549060821533203
/kaggle/input/datasets/mostafaabla/garbage-classification/garbage_classification/clothes/clothes2539.jpg,clothes,paper,0.770559549331665
/kaggle/input/datasets/mostafaabla/garbage-classification/garbage_classification/battery/battery30.jpg,battery,paper,0.2789420187473297
/kaggle/input/datasets/mostafaabla/garbage-classification/garbage_classification/clothes/clothes2671.jpg,clothes,paper,0.46107324957847595
/kaggle/input/datasets/mostafaabla/garbage-classification/garbage_classification/shoes/shoes903.jpg,shoes,metal,0.23302504420280457
/kaggle/input/datasets/mostafaabla/garbage-classification/garbage_classification/metal/metal174.jpg,metal,shoes,0.2828972041606903
/kaggle/input/datasets/mostafaabla/garbage-classification/garbage_classification/battery/battery789.jpg,battery,clothes,0.567418098449707
/kaggle/input/datasets/mostafaabla/garbage-classification/garbage_classification/plastic/plastic492.jpg,plastic,clothes,0.6915913820266724
/kaggle/input/datasets/mostafaabla/garbage-classification/garbage_classification/battery/battery806.jpg,battery,clothes,0.5223974585533142
/kaggle/input/datasets/mostafaabla/garbage-classification/garbage_classification/trash/trash144.jpg,trash,white-glass,0.5311429500579834
/kaggle/input/datasets/mostafaabla/garbage-classification/garbage_classification/battery/battery619.jpg,battery,metal,0.41750046610832214
/kaggle/input/datasets/mostafaabla/garbage-classification/garbage_classification/metal/metal224.jpg,metal,white-glass,0.4658344089984894
/kaggle/input/datasets/mostafaabla/garbage-classification/garbage_classification/shoes/shoes593.jpg,shoes,battery,0.5019791126251221
/kaggle/input/datasets/mostafaabla/garbage-classification/garbage_classification/shoes/shoes1963.jpg,shoes,clothes,0.9502437114715576
/kaggle/input/datasets/mostafaabla/garbage-classification/garbage_classification/paper/paper786.jpg,paper,white-glass,0.3551311194896698
/kaggle/input/datasets/mostafaabla/garbage-classification/garbage_classification/brown-glass/brown-glass461.jpg,brown-glass,shoes,0.49139776825904846
/kaggle/input/datasets/mostafaabla/garbage-classification/garbage_classification/clothes/clothes158.jpg,clothes,paper,0.4882272183895111
/kaggle/input/datasets/mostafaabla/garbage-classification/garbage_classification/brown-glass/brown-glass503.jpg,brown-glass,shoes,0.7319653034210205
/kaggle/input/datasets/mostafaabla/garbage-classification/garbage_classification/clothes/clothes4388.jpg,clothes,paper,0.5837974548339844
/kaggle/input/datasets/mostafaabla/garbage-classification/garbage_classification/cardboard/cardboard587.jpg,cardboard,shoes,0.6099228858947754
/kaggle/input/datasets/mostafaabla/garbage-classification/garbage_classification/shoes/shoes70.jpg,shoes,clothes,0.34295937418937683
/kaggle/input/datasets/mostafaabla/garbage-classification/garbage_classification/metal/metal378.jpg,metal,battery,0.312407523393631
/kaggle/input/datasets/mostafaabla/garbage-classification/garbage_classification/clothes/clothes223.jpg,clothes,paper,0.6009558439254761
/kaggle/input/datasets/mostafaabla/garbage-classification/garbage_classification/shoes/shoes217.jpg,shoes,clothes,0.5162144899368286
/kaggle/input/datasets/mostafaabla/garbage-classification/garbage_classification/shoes/shoes1017.jpg,shoes,biological,0.4502880573272705
/kaggle/input/datasets/mostafaabla/garbage-classification/garbage_classification/shoes/shoes1849.jpg,shoes,clothes,0.5673046708106995
/kaggle/input/datasets/mostafaabla/garbage-classification/garbage_classification/clothes/clothes4372.jpg,clothes,paper,0.5273887515068054
/kaggle/input/datasets/mostafaabla/garbage-classification/garbage_classification/shoes/shoes1462.jpg,shoes,paper,0.5850900411605835
/kaggle/input/datasets/mostafaabla/garbage-classification/garbage_classification/paper/paper231.jpg,paper,battery,0.4366234540939331
/kaggle/input/datasets/mostafaabla/garbage-classification/garbage_classification/white-glass/white-glass330.jpg,white-glass,trash,0.3013773262500763
/kaggle/input/datasets/mostafaabla/garbage-classification/garbage_classification/battery/battery177.jpg,battery,shoes,0.45105454325675964
/kaggle/input/datasets/mostafaabla/garbage-classification/garbage_classification/biological/biological962.jpg,biological,brown-glass,0.6968740820884705
/kaggle/input/datasets/mostafaabla/garbage-classification/garbage_classification/shoes/shoes1942.jpg,shoes,biological,0.5851388573646545
/kaggle/input/datasets/mostafaabla/garbage-classification/garbage_classification/brown-glass/brown-glass123.jpg,brown-glass,clothes,0.934222936630249
/kaggle/input/datasets/mostafaabla/garbage-classification/garbage_classification/paper/paper943.jpg,paper,white-glass,0.25059083104133606
/kaggle/input/datasets/mostafaabla/garbage-classification/garbage_classification/plastic/plastic91.jpg,plastic,clothes,0.5112206339836121
/kaggle/input/datasets/mostafaabla/garbage-classification/garbage_classification/shoes/shoes557.jpg,shoes,cardboard,0.5990087985992432
/kaggle/input/datasets/mostafaabla/garbage-classification/garbage_classification/cardboard/cardboard409.jpg,cardboard,shoes,0.28682005405426025
/kaggle/input/datasets/mostafaabla/garbage-classification/garbage_classification/shoes/shoes951.jpg,shoes,battery,0.48652490973472595
/kaggle/input/datasets/mostafaabla/garbage-classification/garbage_classification/battery/battery803.jpg,battery,clothes,0.5287796258926392
/kaggle/input/datasets/mostafaabla/garbage-classification/garbage_classification/paper/paper906.jpg,paper,cardboard,0.3600325286388397
/kaggle/input/datasets/mostafaabla/garbage-classification/garbage_classification/clothes/clothes3796.jpg,clothes,shoes,0.6007705926895142
/kaggle/input/datasets/mostafaabla/garbage-classification/garbage_classification/plastic/plastic703.jpg,plastic,clothes,0.6853287220001221
/kaggle/input/datasets/mostafaabla/garbage-classification/garbage_classification/shoes/shoes945.jpg,shoes,cardboard,0.708808422088623
/kaggle/input/datasets/mostafaabla/garbage-classification/garbage_classification/shoes/shoes157.jpg,shoes,battery,0.7280335426330566
/kaggle/input/datasets/mostafaabla/garbage-classification/garbage_classification/white-glass/white-glass234.jpg,white-glass,paper,0.32290738821029663
/kaggle/input/datasets/mostafaabla/garbage-classification/garbage_classification/shoes/shoes319.jpg,shoes,biological,0.3660826086997986
/kaggle/input/datasets/mostafaabla/garbage-classification/garbage_classification/biological/biological263.jpg,biological,clothes,0.7214730381965637
/kaggle/input/datasets/mostafaabla/garbage-classification/garbage_classification/shoes/shoes198.jpg,shoes,clothes,0.7388538718223572
/kaggle/input/datasets/mostafaabla/garbage-classification/garbage_classification/battery/battery907.jpg,battery,clothes,0.6110000610351562
/kaggle/input/datasets/mostafaabla/garbage-classification/garbage_classification/battery/battery59.jpg,battery,cardboard,0.25165221095085144
/kaggle/input/datasets/mostafaabla/garbage-classification/garbage_classification/brown-glass/brown-glass180.jpg,brown-glass,shoes,0.2528460621833801
/kaggle/input/datasets/mostafaabla/garbage-classification/garbage_classification/battery/battery538.jpg,battery,white-glass,0.6965166330337524
/kaggle/input/datasets/mostafaabla/garbage-classification/garbage_classification/shoes/shoes1940.jpg,shoes,clothes,0.782584011554718
/kaggle/input/datasets/mostafaabla/garbage-classification/garbage_classification/clothes/clothes4032.jpg,clothes,shoes,0.3414667844772339
/kaggle/input/datasets/mostafaabla/garbage-classification/garbage_classification/shoes/shoes1332.jpg,shoes,clothes,0.7853752970695496
/kaggle/input/datasets/mostafaabla/garbage-classification/garbage_classification/shoes/shoes1401.jpg,shoes,cardboard,0.32635068893432617
/kaggle/input/datasets/mostafaabla/garbage-classification/garbage_classification/clothes/clothes4441.jpg,clothes,brown-glass,0.21852724254131317
/kaggle/input/datasets/mostafaabla/garbage-classification/garbage_classification/metal/metal473.jpg,metal,paper,0.42722180485725403
/kaggle/input/datasets/mostafaabla/garbage-classification/garbage_classification/plastic/plastic477.jpg,plastic,shoes,0.2925390303134918
/kaggle/input/datasets/mostafaabla/garbage-classification/garbage_classification/metal/metal64.jpg,metal,paper,0.39234116673469543
/kaggle/input/datasets/mostafaabla/garbage-classification/garbage_classification/paper/paper640.jpg,paper,shoes,0.24454298615455627
/kaggle/input/datasets/mostafaabla/garbage-classification/garbage_classification/shoes/shoes1109.jpg,shoes,clothes,0.5661370754241943
/kaggle/input/datasets/mostafaabla/garbage-classification/garbage_classification/clothes/clothes1952.jpg,clothes,paper,0.857048511505127
/kaggle/input/datasets/mostafaabla/garbage-classification/garbage_classification/white-glass/white-glass258.jpg,white-glass,plastic,0.3791058361530304
/kaggle/input/datasets/mostafaabla/garbage-classification/garbage_classification/shoes/shoes873.jpg,shoes,metal,0.34834760427474976
/kaggle/input/datasets/mostafaabla/garbage-classification/garbage_classification/plastic/plastic25.jpg,plastic,green-glass,0.43816837668418884
/kaggle/input/datasets/mostafaabla/garbage-classification/garbage_classification/green-glass/green-glass81.jpg,green-glass,plastic,0.38707923889160156
/kaggle/input/datasets/mostafaabla/garbage-classification/garbage_classification/white-glass/white-glass435.jpg,white-glass,trash,0.5969812273979187
/kaggle/input/datasets/mostafaabla/garbage-classification/garbage_classification/shoes/shoes1517.jpg,shoes,clothes,0.3913804292678833
/kaggle/input/datasets/mostafaabla/garbage-classification/garbage_classification/battery/battery844.jpg,battery,clothes,0.38374945521354675
/kaggle/input/datasets/mostafaabla/garbage-classification/garbage_classification/cardboard/cardboard469.jpg,cardboard,paper,0.9009093046188354
/kaggle/input/datasets/mostafaabla/garbage-classification/garbage_classification/white-glass/white-glass405.jpg,white-glass,clothes,0.5820596218109131
/kaggle/input/datasets/mostafaabla/garbage-classification/garbage_classification/biological/biological619.jpg,biological,clothes,0.6911054849624634
/kaggle/input/datasets/mostafaabla/garbage-classification/garbage_classification/biological/biological579.jpg,biological,brown-glass,0.7061172723770142
/kaggle/input/datasets/mostafaabla/garbage-classification/garbage_classification/battery/battery654.jpg,battery,paper,0.8490320444107056
/kaggle/input/datasets/mostafaabla/garbage-classification/garbage_classification/shoes/shoes205.jpg,shoes,clothes,0.5629963874816895
/kaggle/input/datasets/mostafaabla/garbage-classification/garbage_classification/white-glass/white-glass656.jpg,white-glass,metal,0.3110395669937134
/kaggle/input/datasets/mostafaabla/garbage-classification/garbage_classification/metal/metal99.jpg,metal,paper,0.4501827359199524
/kaggle/input/datasets/mostafaabla/garbage-classification/garbage_classification/cardboard/cardboard772.jpg,cardboard,clothes,0.5134042501449585
/kaggle/input/datasets/mostafaabla/garbage-classification/garbage_classification/plastic/plastic777.jpg,plastic,clothes,0.5010093450546265
/kaggle/input/datasets/mostafaabla/garbage-classification/garbage_classification/shoes/shoes1966.jpg,shoes,clothes,0.8657365441322327
/kaggle/input/datasets/mostafaabla/garbage-classification/garbage_classification/shoes/shoes1191.jpg,shoes,clothes,0.2804569900035858
/kaggle/input/datasets/mostafaabla/garbage-classification/garbage_classification/plastic/plastic798.jpg,plastic,trash,0.6519750952720642
/kaggle/input/datasets/mostafaabla/garbage-classification/garbage_classification/white-glass/white-glass541.jpg,white-glass,metal,0.3966889977455139
/kaggle/input/datasets/mostafaabla/garbage-classification/garbage_classification/shoes/shoes129.jpg,shoes,clothes,0.516914963722229
/kaggle/input/datasets/mostafaabla/garbage-classification/garbage_classification/cardboard/cardboard150.jpg,cardboard,paper,0.2972013056278229
/kaggle/input/datasets/mostafaabla/garbage-classification/garbage_classification/shoes/shoes74.jpg,shoes,clothes,0.9388604164123535
/kaggle/input/datasets/mostafaabla/garbage-classification/garbage_classification/shoes/shoes251.jpg,shoes,clothes,0.5282386541366577
/kaggle/input/datasets/mostafaabla/garbage-classification/garbage_classification/battery/battery234.jpg,battery,metal,0.46350541710853577
/kaggle/input/datasets/mostafaabla/garbage-classification/garbage_classification/paper/paper210.jpg,paper,plastic,0.6187449097633362
/kaggle/input/datasets/mostafaabla/garbage-classification/garbage_classification/biological/biological525.jpg,biological,clothes,0.35405951738357544
/kaggle/input/datasets/mostafaabla/garbage-classification/garbage_classification/plastic/plastic261.jpg,plastic,metal,0.377199649810791
/kaggle/input/datasets/mostafaabla/garbage-classification/garbage_classification/paper/paper69.jpg,paper,battery,0.3406316339969635
/kaggle/input/datasets/mostafaabla/garbage-classification/garbage_classification/shoes/shoes665.jpg,shoes,clothes,0.3360317647457123
/kaggle/input/datasets/mostafaabla/garbage-classification/garbage_classification/cardboard/cardboard242.jpg,cardboard,white-glass,0.4215107262134552
/kaggle/input/datasets/mostafaabla/garbage-classification/garbage_classification/trash/trash68.jpg,trash,metal,0.22956198453903198
/kaggle/input/datasets/mostafaabla/garbage-classification/garbage_classification/metal/metal18.jpg,metal,plastic,0.23470796644687653
/kaggle/input/datasets/mostafaabla/garbage-classification/garbage_classification/metal/metal312.jpg,metal,clothes,0.40199488401412964
/kaggle/input/datasets/mostafaabla/garbage-classification/garbage_classification/clothes/clothes1046.jpg,clothes,white-glass,0.2880972921848297
/kaggle/input/datasets/mostafaabla/garbage-classification/garbage_classification/shoes/shoes1975.jpg,shoes,clothes,0.7670593857765198
/kaggle/input/datasets/mostafaabla/garbage-classification/garbage_classification/paper/paper10.jpg,paper,biological,0.319855660200119
/kaggle/input/datasets/mostafaabla/garbage-classification/garbage_classification/metal/metal156.jpg,metal,white-glass,0.41399112343788147
/kaggle/input/datasets/mostafaabla/garbage-classification/garbage_classification/clothes/clothes29.jpg,clothes,green-glass,0.7131184935569763
/kaggle/input/datasets/mostafaabla/garbage-classification/garbage_classification/biological/biological861.jpg,biological,green-glass,0.9563440084457397
/kaggle/input/datasets/mostafaabla/garbage-classification/garbage_classification/metal/metal476.jpg,metal,clothes,0.46796533465385437
/kaggle/input/datasets/mostafaabla/garbage-classification/garbage_classification/clothes/clothes4647.jpg,clothes,cardboard,0.8436997532844543
/kaggle/input/datasets/mostafaabla/garbage-classification/garbage_classification/trash/trash682.jpg,trash,metal,0.6086470484733582
/kaggle/input/datasets/mostafaabla/garbage-classification/garbage_classification/cardboard/cardboard412.jpg,cardboard,shoes,0.3423249125480652
/kaggle/input/datasets/mostafaabla/garbage-classification/garbage_classification/biological/biological292.jpg,biological,brown-glass,0.5447796583175659
/kaggle/input/datasets/mostafaabla/garbage-classification/garbage_classification/shoes/shoes44.jpg,shoes,cardboard,0.45667389035224915
/kaggle/input/datasets/mostafaabla/garbage-classification/garbage_classification/biological/biological52.jpg,biological,clothes,0.5490936636924744
/kaggle/input/datasets/mostafaabla/garbage-classification/garbage_classification/clothes/clothes4234.jpg,clothes,shoes,0.24499095976352692
/kaggle/input/datasets/mostafaabla/garbage-classification/garbage_classification/shoes/shoes997.jpg,shoes,clothes,0.5100505948066711
/kaggle/input/datasets/mostafaabla/garbage-classification/garbage_classification/biological/biological92.jpg,biological,clothes,0.43086937069892883
/kaggle/input/datasets/mostafaabla/garbage-classification/garbage_classification/trash/trash199.jpg,trash,plastic,0.4510872960090637
/kaggle/input/datasets/mostafaabla/garbage-classification/garbage_classification/metal/metal234.jpg,metal,paper,0.398999959230423
/kaggle/input/datasets/mostafaabla/garbage-classification/garbage_classification/shoes/shoes874.jpg,shoes,battery,0.5469714403152466
/kaggle/input/datasets/mostafaabla/garbage-classification/garbage_classification/metal/metal258.jpg,metal,clothes,0.5572376847267151
/kaggle/input/datasets/mostafaabla/garbage-classification/garbage_classification/shoes/shoes1832.jpg,shoes,clothes,0.5388208627700806
/kaggle/input/datasets/mostafaabla/garbage-classification/garbage_classification/shoes/shoes1539.jpg,shoes,clothes,0.8616387248039246
/kaggle/input/datasets/mostafaabla/garbage-classification/garbage_classification/paper/paper381.jpg,paper,plastic,0.4527040719985962
/kaggle/input/datasets/mostafaabla/garbage-classification/garbage_classification/biological/biological10.jpg,biological,clothes,0.3544026017189026
/kaggle/input/datasets/mostafaabla/garbage-classification/garbage_classification/trash/trash56.jpg,trash,white-glass,0.46680718660354614
/kaggle/input/datasets/mostafaabla/garbage-classification/garbage_classification/plastic/plastic760.jpg,plastic,clothes,0.5016306638717651
/kaggle/input/datasets/mostafaabla/garbage-classification/garbage_classification/clothes/clothes564.jpg,clothes,paper,0.7551146149635315
/kaggle/input/datasets/mostafaabla/garbage-classification/garbage_classification/shoes/shoes1421.jpg,shoes,metal,0.45449554920196533
/kaggle/input/datasets/mostafaabla/garbage-classification/garbage_classification/shoes/shoes1025.jpg,shoes,clothes,0.5493422746658325
/kaggle/input/datasets/mostafaabla/garbage-classification/garbage_classification/plastic/plastic474.jpg,plastic,trash,0.5925646424293518
/kaggle/input/datasets/mostafaabla/garbage-classification/garbage_classification/brown-glass/brown-glass341.jpg,brown-glass,shoes,0.3510303795337677
/kaggle/input/datasets/mostafaabla/garbage-classification/garbage_classification/plastic/plastic497.jpg,plastic,clothes,0.8897295594215393
/kaggle/input/datasets/mostafaabla/garbage-classification/garbage_classification/metal/metal470.jpg,metal,biological,0.4066225588321686
/kaggle/input/datasets/mostafaabla/garbage-classification/garbage_classification/metal/metal223.jpg,metal,white-glass,0.4927661120891571
/kaggle/input/datasets/mostafaabla/garbage-classification/garbage_classification/battery/battery163.jpg,battery,plastic,0.9835016131401062
/kaggle/input/datasets/mostafaabla/garbage-classification/garbage_classification/trash/trash237.jpg,trash,plastic,0.4398544728755951
/kaggle/input/datasets/mostafaabla/garbage-classification/garbage_classification/clothes/clothes1742.jpg,clothes,shoes,0.4448119103908539
/kaggle/input/datasets/mostafaabla/garbage-classification/garbage_classification/white-glass/white-glass404.jpg,white-glass,trash,0.655783474445343
/kaggle/input/datasets/mostafaabla/garbage-classification/garbage_classification/trash/trash44.jpg,trash,clothes,0.3023640811443329
/kaggle/input/datasets/mostafaabla/garbage-classification/garbage_classification/plastic/plastic36.jpg,plastic,cardboard,0.3470713794231415
/kaggle/input/datasets/mostafaabla/garbage-classification/garbage_classification/shoes/shoes404.jpg,shoes,clothes,0.7137242555618286
/kaggle/input/datasets/mostafaabla/garbage-classification/garbage_classification/paper/paper754.jpg,paper,clothes,0.471605122089386
/kaggle/input/datasets/mostafaabla/garbage-classification/garbage_classification/battery/battery703.jpg,battery,white-glass,0.540697455406189
/kaggle/input/datasets/mostafaabla/garbage-classification/garbage_classification/plastic/plastic631.jpg,plastic,trash,0.678946316242218
/kaggle/input/datasets/mostafaabla/garbage-classification/garbage_classification/green-glass/green-glass29.jpg,green-glass,plastic,0.4266282618045807
/kaggle/input/datasets/mostafaabla/garbage-classification/garbage_classification/biological/biological15.jpg,biological,clothes,0.44263529777526855
/kaggle/input/datasets/mostafaabla/garbage-classification/garbage_classification/battery/battery839.jpg,battery,clothes,0.24951210618019104
/kaggle/input/datasets/mostafaabla/garbage-classification/garbage_classification/battery/battery872.jpg,battery,brown-glass,0.27890464663505554
/kaggle/input/datasets/mostafaabla/garbage-classification/garbage_classification/plastic/plastic303.jpg,plastic,clothes,0.7177907228469849
/kaggle/input/datasets/mostafaabla/garbage-classification/garbage_classification/paper/paper242.jpg,paper,metal,0.25945690274238586
/kaggle/input/datasets/mostafaabla/garbage-classification/garbage_classification/metal/metal744.jpg,metal,battery,0.39120247960090637
/kaggle/input/datasets/mostafaabla/garbage-classification/garbage_classification/shoes/shoes1397.jpg,shoes,clothes,0.8836011290550232
/kaggle/input/datasets/mostafaabla/garbage-classification/garbage_classification/shoes/shoes288.jpg,shoes,clothes,0.8537760972976685
/kaggle/input/datasets/mostafaabla/garbage-classification/garbage_classification/clothes/clothes2906.jpg,clothes,biological,0.44101184606552124
/kaggle/input/datasets/mostafaabla/garbage-classification/garbage_classification/clothes/clothes4350.jpg,clothes,paper,0.49495404958724976
/kaggle/input/datasets/mostafaabla/garbage-classification/garbage_classification/plastic/plastic640.jpg,plastic,trash,0.6579160094261169
/kaggle/input/datasets/mostafaabla/garbage-classification/garbage_classification/shoes/shoes993.jpg,shoes,clothes,0.5428752899169922
/kaggle/input/datasets/mostafaabla/garbage-classification/garbage_classification/plastic/plastic44.jpg,plastic,battery,0.42392852902412415
/kaggle/input/datasets/mostafaabla/garbage-classification/garbage_classification/plastic/plastic849.jpg,plastic,trash,0.7642776370048523
/kaggle/input/datasets/mostafaabla/garbage-classification/garbage_classification/shoes/shoes1287.jpg,shoes,clothes,0.6961950063705444
/kaggle/input/datasets/mostafaabla/garbage-classification/garbage_classification/paper/paper938.jpg,paper,plastic,0.4708426594734192
/kaggle/input/datasets/mostafaabla/garbage-classification/garbage_classification/white-glass/white-glass564.jpg,white-glass,trash,0.6972739100456238
/kaggle/input/datasets/mostafaabla/garbage-classification/garbage_classification/plastic/plastic502.jpg,plastic,trash,0.845117449760437
/kaggle/input/datasets/mostafaabla/garbage-classification/garbage_classification/white-glass/white-glass72.jpg,white-glass,paper,0.46986937522888184
/kaggle/input/datasets/mostafaabla/garbage-classification/garbage_classification/cardboard/cardboard356.jpg,cardboard,white-glass,0.24278144538402557
/kaggle/input/datasets/mostafaabla/garbage-classification/garbage_classification/trash/trash559.jpg,trash,clothes,0.8163353204727173
/kaggle/input/datasets/mostafaabla/garbage-classification/garbage_classification/plastic/plastic627.jpg,plastic,trash,0.7891687154769897
/kaggle/input/datasets/mostafaabla/garbage-classification/garbage_classification/biological/biological452.jpg,biological,clothes,0.9248093366622925
/kaggle/input/datasets/mostafaabla/garbage-classification/garbage_classification/battery/battery612.jpg,battery,paper,0.4805026650428772
/kaggle/input/datasets/mostafaabla/garbage-classification/garbage_classification/clothes/clothes3006.jpg,clothes,paper,0.5138100981712341
/kaggle/input/datasets/mostafaabla/garbage-classification/garbage_classification/paper/paper828.jpg,paper,shoes,0.2296658605337143
/kaggle/input/datasets/mostafaabla/garbage-classification/garbage_classification/biological/biological970.jpg,biological,green-glass,0.651294469833374
/kaggle/input/datasets/mostafaabla/garbage-classification/garbage_classification/battery/battery865.jpg,battery,green-glass,0.7650315761566162
/kaggle/input/datasets/mostafaabla/garbage-classification/garbage_classification/shoes/shoes691.jpg,shoes,clothes,0.6502214670181274
/kaggle/input/datasets/mostafaabla/garbage-classification/garbage_classification/shoes/shoes457.jpg,shoes,metal,0.290772408246994
/kaggle/input/datasets/mostafaabla/garbage-classification/garbage_classification/paper/paper71.jpg,paper,battery,0.517184317111969
/kaggle/input/datasets/mostafaabla/garbage-classification/garbage_classification/clothes/clothes2876.jpg,clothes,paper,0.5076168775558472
/kaggle/input/datasets/mostafaabla/garbage-classification/garbage_classification/clothes/clothes3294.jpg,clothes,metal,0.35906392335891724
/kaggle/input/datasets/mostafaabla/garbage-classification/garbage_classification/battery/battery876.jpg,battery,shoes,0.29093101620674133
/kaggle/input/datasets/mostafaabla/garbage-classification/garbage_classification/white-glass/white-glass394.jpg,white-glass,trash,0.5428071618080139
/kaggle/input/datasets/mostafaabla/garbage-classification/garbage_classification/green-glass/green-glass114.jpg,green-glass,battery,0.608902633190155
/kaggle/input/datasets/mostafaabla/garbage-classification/garbage_classification/cardboard/cardboard539.jpg,cardboard,shoes,0.311277836561203
/kaggle/input/datasets/mostafaabla/garbage-classification/garbage_classification/cardboard/cardboard804.jpg,cardboard,trash,0.22266903519630432
/kaggle/input/datasets/mostafaabla/garbage-classification/garbage_classification/clothes/clothes526.jpg,clothes,shoes,0.3739113211631775
/kaggle/input/datasets/mostafaabla/garbage-classification/garbage_classification/shoes/shoes1531.jpg,shoes,clothes,0.5969618558883667
/kaggle/input/datasets/mostafaabla/garbage-classification/garbage_classification/brown-glass/brown-glass476.jpg,brown-glass,cardboard,0.8766287565231323
/kaggle/input/datasets/mostafaabla/garbage-classification/garbage_classification/plastic/plastic791.jpg,plastic,white-glass,0.3792351186275482
/kaggle/input/datasets/mostafaabla/garbage-classification/garbage_classification/trash/trash163.jpg,trash,plastic,0.328519731760025
/kaggle/input/datasets/mostafaabla/garbage-classification/garbage_classification/metal/metal492.jpg,metal,white-glass,0.416595458984375
/kaggle/input/datasets/mostafaabla/garbage-classification/garbage_classification/shoes/shoes1890.jpg,shoes,clothes,0.8907309770584106
/kaggle/input/datasets/mostafaabla/garbage-classification/garbage_classification/shoes/shoes1393.jpg,shoes,clothes,0.42447057366371155
/kaggle/input/datasets/mostafaabla/garbage-classification/garbage_classification/plastic/plastic404.jpg,plastic,clothes,0.21970674395561218
/kaggle/input/datasets/mostafaabla/garbage-classification/garbage_classification/brown-glass/brown-glass202.jpg,brown-glass,metal,0.3952775299549103
/kaggle/input/datasets/mostafaabla/garbage-classification/garbage_classification/plastic/plastic680.jpg,plastic,brown-glass,0.31969693303108215
/kaggle/input/datasets/mostafaabla/garbage-classification/garbage_classification/paper/paper958.jpg,paper,metal,0.35151445865631104
/kaggle/input/datasets/mostafaabla/garbage-classification/garbage_classification/battery/battery748.jpg,battery,shoes,0.3963322639465332
/kaggle/input/datasets/mostafaabla/garbage-classification/garbage_classification/biological/biological221.jpg,biological,shoes,0.46083864569664
/kaggle/input/datasets/mostafaabla/garbage-classification/garbage_classification/brown-glass/brown-glass497.jpg,brown-glass,cardboard,0.5701412558555603
/kaggle/input/datasets/mostafaabla/garbage-classification/garbage_classification/plastic/plastic657.jpg,plastic,clothes,0.3499518036842346
/kaggle/input/datasets/mostafaabla/garbage-classification/garbage_classification/cardboard/cardboard857.jpg,cardboard,clothes,0.4093509018421173
/kaggle/input/datasets/mostafaabla/garbage-classification/garbage_classification/metal/metal517.jpg,metal,shoes,0.266284704208374
/kaggle/input/datasets/mostafaabla/garbage-classification/garbage_classification/plastic/plastic645.jpg,plastic,clothes,0.5747856497764587
/kaggle/input/datasets/mostafaabla/garbage-classification/garbage_classification/shoes/shoes741.jpg,shoes,clothes,0.36095547676086426
/kaggle/input/datasets/mostafaabla/garbage-classification/garbage_classification/clothes/clothes4719.jpg,clothes,paper,0.995799720287323
/kaggle/input/datasets/mostafaabla/garbage-classification/garbage_classification/brown-glass/brown-glass290.jpg,brown-glass,shoes,0.39109259843826294
/kaggle/input/datasets/mostafaabla/garbage-classification/garbage_classification/plastic/plastic461.jpg,plastic,trash,0.8703086972236633
/kaggle/input/datasets/mostafaabla/garbage-classification/garbage_classification/biological/biological480.jpg,biological,clothes,0.40781930088996887
/kaggle/input/datasets/mostafaabla/garbage-classification/garbage_classification/battery/battery605.jpg,battery,white-glass,0.6880924105644226
/kaggle/input/datasets/mostafaabla/garbage-classification/garbage_classification/metal/metal462.jpg,metal,paper,0.4323246479034424
/kaggle/input/datasets/mostafaabla/garbage-classification/garbage_classification/trash/trash137.jpg,trash,plastic,0.5319833755493164
/kaggle/input/datasets/mostafaabla/garbage-classification/garbage_classification/shoes/shoes577.jpg,shoes,clothes,0.6394860148429871
/kaggle/input/datasets/mostafaabla/garbage-classification/garbage_classification/cardboard/cardboard465.jpg,cardboard,white-glass,0.25994330644607544
/kaggle/input/datasets/mostafaabla/garbage-classification/garbage_classification/shoes/shoes480.jpg,shoes,clothes,0.7327088117599487
/kaggle/input/datasets/mostafaabla/garbage-classification/garbage_classification/white-glass/white-glass170.jpg,white-glass,plastic,0.5900549292564392
/kaggle/input/datasets/mostafaabla/garbage-classification/garbage_classification/metal/metal578.jpg,metal,paper,0.4779488444328308
/kaggle/input/datasets/mostafaabla/garbage-classification/garbage_classification/shoes/shoes1977.jpg,shoes,clothes,0.5239036679267883
/kaggle/input/datasets/mostafaabla/garbage-classification/garbage_classification/shoes/shoes1692.jpg,shoes,clothes,0.6492627859115601
/kaggle/input/datasets/mostafaabla/garbage-classification/garbage_classification/biological/biological477.jpg,biological,shoes,0.2754040062427521
/kaggle/input/datasets/mostafaabla/garbage-classification/garbage_classification/biological/biological119.jpg,biological,clothes,0.8504806756973267
/kaggle/input/datasets/mostafaabla/garbage-classification/garbage_classification/cardboard/cardboard548.jpg,cardboard,clothes,0.26243799924850464
/kaggle/input/datasets/mostafaabla/garbage-classification/garbage_classification/clothes/clothes2424.jpg,clothes,biological,0.7987921833992004
/kaggle/input/datasets/mostafaabla/garbage-classification/garbage_classification/cardboard/cardboard521.jpg,cardboard,shoes,0.4490317404270172
/kaggle/input/datasets/mostafaabla/garbage-classification/garbage_classification/cardboard/cardboard442.jpg,cardboard,metal,0.21552824974060059
/kaggle/input/datasets/mostafaabla/garbage-classification/garbage_classification/cardboard/cardboard304.jpg,cardboard,clothes,0.25151926279067993
/kaggle/input/datasets/mostafaabla/garbage-classification/garbage_classification/metal/metal100.jpg,metal,paper,0.38206854462623596
/kaggle/input/datasets/mostafaabla/garbage-classification/garbage_classification/shoes/shoes770.jpg,shoes,clothes,0.45219334959983826
/kaggle/input/datasets/mostafaabla/garbage-classification/garbage_classification/white-glass/white-glass701.jpg,white-glass,metal,0.2920691967010498
/kaggle/input/datasets/mostafaabla/garbage-classification/garbage_classification/shoes/shoes1552.jpg,shoes,clothes,0.41653481125831604
/kaggle/input/datasets/mostafaabla/garbage-classification/garbage_classification/shoes/shoes1730.jpg,shoes,battery,0.4564509093761444
/kaggle/input/datasets/mostafaabla/garbage-classification/garbage_classification/shoes/shoes1165.jpg,shoes,battery,0.35993191599845886
/kaggle/input/datasets/mostafaabla/garbage-classification/garbage_classification/plastic/plastic19.jpg,plastic,cardboard,0.4084968864917755
/kaggle/input/datasets/mostafaabla/garbage-classification/garbage_classification/trash/trash428.jpg,trash,white-glass,0.6683923006057739
/kaggle/input/datasets/mostafaabla/garbage-classification/garbage_classification/plastic/plastic820.jpg,plastic,trash,0.7700913548469543
/kaggle/input/datasets/mostafaabla/garbage-classification/garbage_classification/cardboard/cardboard307.jpg,cardboard,clothes,0.24878151714801788
/kaggle/input/datasets/mostafaabla/garbage-classification/garbage_classification/plastic/plastic238.jpg,plastic,shoes,0.2763253152370453
/kaggle/input/datasets/mostafaabla/garbage-classification/garbage_classification/biological/biological60.jpg,biological,paper,0.8676196336746216
/kaggle/input/datasets/mostafaabla/garbage-classification/garbage_classification/biological/biological178.jpg,biological,clothes,0.479280948638916
/kaggle/input/datasets/mostafaabla/garbage-classification/garbage_classification/green-glass/green-glass420.jpg,green-glass,biological,0.3742188513278961
/kaggle/input/datasets/mostafaabla/garbage-classification/garbage_classification/plastic/plastic592.jpg,plastic,trash,0.6602721810340881
/kaggle/input/datasets/mostafaabla/garbage-classification/garbage_classification/shoes/shoes1480.jpg,shoes,clothes,0.7709014415740967
/kaggle/input/datasets/mostafaabla/garbage-classification/garbage_classification/clothes/clothes3109.jpg,clothes,biological,0.5330552458763123
/kaggle/input/datasets/mostafaabla/garbage-classification/garbage_classification/battery/battery78.jpg,battery,plastic,0.27866867184638977
/kaggle/input/datasets/mostafaabla/garbage-classification/garbage_classification/shoes/shoes1519.jpg,shoes,clothes,0.5712020993232727
/kaggle/input/datasets/mostafaabla/garbage-classification/garbage_classification/biological/biological436.jpg,biological,clothes,0.25593268871307373
/kaggle/input/datasets/mostafaabla/garbage-classification/garbage_classification/clothes/clothes4259.jpg,clothes,shoes,0.3674919605255127
/kaggle/input/datasets/mostafaabla/garbage-classification/garbage_classification/biological/biological860.jpg,biological,brown-glass,0.6269501447677612
/kaggle/input/datasets/mostafaabla/garbage-classification/garbage_classification/plastic/plastic127.jpg,plastic,white-glass,0.33605992794036865
/kaggle/input/datasets/mostafaabla/garbage-classification/garbage_classification/shoes/shoes1970.jpg,shoes,clothes,0.8739913105964661
/kaggle/input/datasets/mostafaabla/garbage-classification/garbage_classification/trash/trash528.jpg,trash,battery,0.3603914976119995
/kaggle/input/datasets/mostafaabla/garbage-classification/garbage_classification/paper/paper704.jpg,paper,metal,0.5295047163963318
/kaggle/input/datasets/mostafaabla/garbage-classification/garbage_classification/clothes/clothes3739.jpg,clothes,metal,0.26863449811935425
/kaggle/input/datasets/mostafaabla/garbage-classification/garbage_classification/metal/metal60.jpg,metal,clothes,0.30661749839782715
/kaggle/input/datasets/mostafaabla/garbage-classification/garbage_classification/white-glass/white-glass415.jpg,white-glass,battery,0.46351391077041626
/kaggle/input/datasets/mostafaabla/garbage-classification/garbage_classification/trash/trash450.jpg,trash,plastic,0.4517078995704651
/kaggle/input/datasets/mostafaabla/garbage-classification/garbage_classification/paper/paper905.jpg,paper,white-glass,0.23300772905349731
/kaggle/input/datasets/mostafaabla/garbage-classification/garbage_classification/white-glass/white-glass42.jpg,white-glass,paper,0.2707386016845703
/kaggle/input/datasets/mostafaabla/garbage-classification/garbage_classification/cardboard/cardboard418.jpg,cardboard,clothes,0.5508797764778137
/kaggle/input/datasets/mostafaabla/garbage-classification/garbage_classification/biological/biological868.jpg,biological,clothes,0.4818880558013916
/kaggle/input/datasets/mostafaabla/garbage-classification/garbage_classification/green-glass/green-glass235.jpg,green-glass,metal,0.21553033590316772
/kaggle/input/datasets/mostafaabla/garbage-classification/garbage_classification/cardboard/cardboard531.jpg,cardboard,clothes,0.23816785216331482
/kaggle/input/datasets/mostafaabla/garbage-classification/garbage_classification/paper/paper749.jpg,paper,plastic,0.39054131507873535
/kaggle/input/datasets/mostafaabla/garbage-classification/garbage_classification/metal/metal247.jpg,metal,plastic,0.6151996850967407
/kaggle/input/datasets/mostafaabla/garbage-classification/garbage_classification/clothes/clothes4081.jpg,clothes,paper,0.3214126527309418
/kaggle/input/datasets/mostafaabla/garbage-classification/garbage_classification/shoes/shoes751.jpg,shoes,clothes,0.46483564376831055
/kaggle/input/datasets/mostafaabla/garbage-classification/garbage_classification/shoes/shoes257.jpg,shoes,battery,0.41678133606910706
/kaggle/input/datasets/mostafaabla/garbage-classification/garbage_classification/battery/battery123.jpg,battery,plastic,0.4258142411708832
/kaggle/input/datasets/mostafaabla/garbage-classification/garbage_classification/shoes/shoes1069.jpg,shoes,clothes,0.6066005825996399
/kaggle/input/datasets/mostafaabla/garbage-classification/garbage_classification/shoes/shoes1418.jpg,shoes,battery,0.48472195863723755
/kaggle/input/datasets/mostafaabla/garbage-classification/garbage_classification/metal/metal317.jpg,metal,brown-glass,0.9412834644317627
/kaggle/input/datasets/mostafaabla/garbage-classification/garbage_classification/shoes/shoes66.jpg,shoes,battery,0.6517857313156128
/kaggle/input/datasets/mostafaabla/garbage-classification/garbage_classification/shoes/shoes1055.jpg,shoes,clothes,0.3200875520706177
/kaggle/input/datasets/mostafaabla/garbage-classification/garbage_classification/shoes/shoes403.jpg,shoes,battery,0.6667478680610657
/kaggle/input/datasets/mostafaabla/garbage-classification/garbage_classification/paper/paper645.jpg,paper,white-glass,0.34270158410072327
/kaggle/input/datasets/mostafaabla/garbage-classification/garbage_classification/shoes/shoes387.jpg,shoes,battery,0.6417586803436279
/kaggle/input/datasets/mostafaabla/garbage-classification/garbage_classification/white-glass/white-glass431.jpg,white-glass,metal,0.24152956902980804
/kaggle/input/datasets/mostafaabla/garbage-classification/garbage_classification/shoes/shoes355.jpg,shoes,cardboard,0.21236808598041534
/kaggle/input/datasets/mostafaabla/garbage-classification/garbage_classification/battery/battery497.jpg,battery,shoes,0.3564898371696472
/kaggle/input/datasets/mostafaabla/garbage-classification/garbage_classification/paper/paper70.jpg,paper,clothes,0.4472830891609192
/kaggle/input/datasets/mostafaabla/garbage-classification/garbage_classification/shoes/shoes1662.jpg,shoes,clothes,0.46128159761428833
/kaggle/input/datasets/mostafaabla/garbage-classification/garbage_classification/biological/biological285.jpg,biological,clothes,0.4846038520336151
/kaggle/input/datasets/mostafaabla/garbage-classification/garbage_classification/green-glass/green-glass117.jpg,green-glass,biological,0.47139808535575867
/kaggle/input/datasets/mostafaabla/garbage-classification/garbage_classification/battery/battery22.jpg,battery,shoes,0.49310439825057983
/kaggle/input/datasets/mostafaabla/garbage-classification/garbage_classification/clothes/clothes2610.jpg,clothes,plastic,0.6695993542671204
/kaggle/input/datasets/mostafaabla/garbage-classification/garbage_classification/metal/metal27.jpg,metal,clothes,0.447511225938797
/kaggle/input/datasets/mostafaabla/garbage-classification/garbage_classification/plastic/plastic761.jpg,plastic,trash,0.8787992596626282
/kaggle/input/datasets/mostafaabla/garbage-classification/garbage_classification/white-glass/white-glass47.jpg,white-glass,metal,0.2927106022834778
/kaggle/input/datasets/mostafaabla/garbage-classification/garbage_classification/battery/battery816.jpg,battery,paper,0.4862811267375946
/kaggle/input/datasets/mostafaabla/garbage-classification/garbage_classification/cardboard/cardboard286.jpg,cardboard,clothes,0.50553297996521
/kaggle/input/datasets/mostafaabla/garbage-classification/garbage_classification/shoes/shoes1398.jpg,shoes,clothes,0.9370854496955872
/kaggle/input/datasets/mostafaabla/garbage-classification/garbage_classification/biological/biological519.jpg,biological,paper,0.29875993728637695
/kaggle/input/datasets/mostafaabla/garbage-classification/garbage_classification/biological/biological839.jpg,biological,clothes,0.5952017307281494
/kaggle/input/datasets/mostafaabla/garbage-classification/garbage_classification/metal/metal197.jpg,metal,plastic,0.719821572303772
/kaggle/input/datasets/mostafaabla/garbage-classification/garbage_classification/metal/metal403.jpg,metal,paper,0.38980501890182495
/kaggle/input/datasets/mostafaabla/garbage-classification/garbage_classification/white-glass/white-glass144.jpg,white-glass,metal,0.4177933633327484
/kaggle/input/datasets/mostafaabla/garbage-classification/garbage_classification/clothes/clothes173.jpg,clothes,plastic,0.7898533344268799
/kaggle/input/datasets/mostafaabla/garbage-classification/garbage_classification/biological/biological320.jpg,biological,clothes,0.5827887058258057
/kaggle/input/datasets/mostafaabla/garbage-classification/garbage_classification/cardboard/cardboard791.jpg,cardboard,biological,0.6128663420677185
/kaggle/input/datasets/mostafaabla/garbage-classification/garbage_classification/cardboard/cardboard20.jpg,cardboard,shoes,0.4386335015296936
/kaggle/input/datasets/mostafaabla/garbage-classification/garbage_classification/shoes/shoes14.jpg,shoes,clothes,0.38315480947494507
/kaggle/input/datasets/mostafaabla/garbage-classification/garbage_classification/battery/battery832.jpg,battery,clothes,0.4878441095352173
/kaggle/input/datasets/mostafaabla/garbage-classification/garbage_classification/biological/biological121.jpg,biological,clothes,0.44612962007522583
/kaggle/input/datasets/mostafaabla/garbage-classification/garbage_classification/paper/paper839.jpg,paper,biological,0.3327312469482422
/kaggle/input/datasets/mostafaabla/garbage-classification/garbage_classification/battery/battery927.jpg,battery,shoes,0.3482935428619385
/kaggle/input/datasets/mostafaabla/garbage-classification/garbage_classification/shoes/shoes574.jpg,shoes,battery,0.5057443976402283
/kaggle/input/datasets/mostafaabla/garbage-classification/garbage_classification/metal/metal722.jpg,metal,trash,0.5724141001701355
/kaggle/input/datasets/mostafaabla/garbage-classification/garbage_classification/biological/biological141.jpg,biological,brown-glass,0.5703040361404419
/kaggle/input/datasets/mostafaabla/garbage-classification/garbage_classification/clothes/clothes3757.jpg,clothes,paper,0.5202670693397522
/kaggle/input/datasets/mostafaabla/garbage-classification/garbage_classification/shoes/shoes94.jpg,shoes,clothes,0.9463714361190796
/kaggle/input/datasets/mostafaabla/garbage-classification/garbage_classification/plastic/plastic152.jpg,plastic,trash,0.795695960521698
/kaggle/input/datasets/mostafaabla/garbage-classification/garbage_classification/biological/biological275.jpg,biological,clothes,0.622478187084198
/kaggle/input/datasets/mostafaabla/garbage-classification/garbage_classification/white-glass/white-glass293.jpg,white-glass,trash,0.680546760559082
/kaggle/input/datasets/mostafaabla/garbage-classification/garbage_classification/biological/biological135.jpg,biological,clothes,0.34675559401512146
/kaggle/input/datasets/mostafaabla/garbage-classification/garbage_classification/metal/metal585.jpg,metal,battery,0.453488290309906
/kaggle/input/datasets/mostafaabla/garbage-classification/garbage_classification/biological/biological109.jpg,biological,clothes,0.5340258479118347
/kaggle/input/datasets/mostafaabla/garbage-classification/garbage_classification/clothes/clothes4620.jpg,clothes,shoes,0.2549562454223633
/kaggle/input/datasets/mostafaabla/garbage-classification/garbage_classification/cardboard/cardboard367.jpg,cardboard,white-glass,0.27127978205680847
/kaggle/input/datasets/mostafaabla/garbage-classification/garbage_classification/shoes/shoes1876.jpg,shoes,clothes,0.8212839961051941
/kaggle/input/datasets/mostafaabla/garbage-classification/garbage_classification/shoes/shoes377.jpg,shoes,battery,0.5322609543800354
/kaggle/input/datasets/mostafaabla/garbage-classification/garbage_classification/clothes/clothes5201.jpg,clothes,biological,0.6089997291564941
/kaggle/input/datasets/mostafaabla/garbage-classification/garbage_classification/plastic/plastic440.jpg,plastic,clothes,0.20889845490455627
/kaggle/input/datasets/mostafaabla/garbage-classification/garbage_classification/metal/metal253.jpg,metal,paper,0.45245856046676636
/kaggle/input/datasets/mostafaabla/garbage-classification/garbage_classification/biological/biological344.jpg,biological,plastic,0.6263187527656555
/kaggle/input/datasets/mostafaabla/garbage-classification/garbage_classification/shoes/shoes1447.jpg,shoes,paper,0.5945600867271423
/kaggle/input/datasets/mostafaabla/garbage-classification/garbage_classification/shoes/shoes216.jpg,shoes,plastic,0.4099076986312866
/kaggle/input/datasets/mostafaabla/garbage-classification/garbage_classification/metal/metal576.jpg,metal,plastic,0.6166120171546936
/kaggle/input/datasets/mostafaabla/garbage-classification/garbage_classification/battery/battery127.jpg,battery,shoes,0.46302101016044617
/kaggle/input/datasets/mostafaabla/garbage-classification/garbage_classification/paper/paper346.jpg,paper,plastic,0.5743030309677124
/kaggle/input/datasets/mostafaabla/garbage-classification/garbage_classification/white-glass/white-glass24.jpg,white-glass,plastic,0.8366214036941528
/kaggle/input/datasets/mostafaabla/garbage-classification/garbage_classification/battery/battery904.jpg,battery,plastic,0.4855085015296936
/kaggle/input/datasets/mostafaabla/garbage-classification/garbage_classification/biological/biological144.jpg,biological,clothes,0.6041249632835388
/kaggle/input/datasets/mostafaabla/garbage-classification/garbage_classification/cardboard/cardboard713.jpg,cardboard,shoes,0.29916614294052124
/kaggle/input/datasets/mostafaabla/garbage-classification/garbage_classification/white-glass/white-glass101.jpg,white-glass,battery,0.5220427513122559
/kaggle/input/datasets/mostafaabla/garbage-classification/garbage_classification/brown-glass/brown-glass177.jpg,brown-glass,shoes,0.39211851358413696
/kaggle/input/datasets/mostafaabla/garbage-classification/garbage_classification/plastic/plastic483.jpg,plastic,green-glass,0.9595507979393005
/kaggle/input/datasets/mostafaabla/garbage-classification/garbage_classification/cardboard/cardboard426.jpg,cardboard,clothes,0.5167471170425415
/kaggle/input/datasets/mostafaabla/garbage-classification/garbage_classification/biological/biological655.jpg,biological,green-glass,0.8274319171905518
/kaggle/input/datasets/mostafaabla/garbage-classification/garbage_classification/shoes/shoes320.jpg,shoes,battery,0.4935144782066345
/kaggle/input/datasets/mostafaabla/garbage-classification/garbage_classification/shoes/shoes1708.jpg,shoes,metal,0.4033539295196533
/kaggle/input/datasets/mostafaabla/garbage-classification/garbage_classification/biological/biological297.jpg,biological,clothes,0.2835293710231781
/kaggle/input/datasets/mostafaabla/garbage-classification/garbage_classification/biological/biological435.jpg,biological,shoes,0.3322784900665283
/kaggle/input/datasets/mostafaabla/garbage-classification/garbage_classification/white-glass/white-glass233.jpg,white-glass,metal,0.19428277015686035
/kaggle/input/datasets/mostafaabla/garbage-classification/garbage_classification/clothes/clothes5067.jpg,clothes,plastic,0.36250850558280945
/kaggle/input/datasets/mostafaabla/garbage-classification/garbage_classification/battery/battery807.jpg,battery,metal,0.28556743264198303
/kaggle/input/datasets/mostafaabla/garbage-classification/garbage_classification/plastic/plastic140.jpg,plastic,trash,0.7277662754058838
/kaggle/input/datasets/mostafaabla/garbage-classification/garbage_classification/shoes/shoes84.jpg,shoes,biological,0.36913949251174927
/kaggle/input/datasets/mostafaabla/garbage-classification/garbage_classification/battery/battery791.jpg,battery,clothes,0.741073727607727
/kaggle/input/datasets/mostafaabla/garbage-classification/garbage_classification/shoes/shoes525.jpg,shoes,clothes,0.8537356853485107
/kaggle/input/datasets/mostafaabla/garbage-classification/garbage_classification/clothes/clothes2640.jpg,clothes,metal,0.3236454427242279
/kaggle/input/datasets/mostafaabla/garbage-classification/garbage_classification/shoes/shoes482.jpg,shoes,battery,0.5165358185768127
/kaggle/input/datasets/mostafaabla/garbage-classification/garbage_classification/shoes/shoes999.jpg,shoes,white-glass,0.541709840297699
/kaggle/input/datasets/mostafaabla/garbage-classification/garbage_classification/clothes/clothes4583.jpg,clothes,paper,0.5614883899688721
/kaggle/input/datasets/mostafaabla/garbage-classification/garbage_classification/paper/paper719.jpg,paper,battery,0.6620094776153564
/kaggle/input/datasets/mostafaabla/garbage-classification/garbage_classification/metal/metal583.jpg,metal,paper,0.6373366713523865
/kaggle/input/datasets/mostafaabla/garbage-classification/garbage_classification/shoes/shoes1001.jpg,shoes,clothes,0.4686604142189026
/kaggle/input/datasets/mostafaabla/garbage-classification/garbage_classification/paper/paper720.jpg,paper,clothes,0.8894317746162415
/kaggle/input/datasets/mostafaabla/garbage-classification/garbage_classification/metal/metal219.jpg,metal,clothes,0.21192264556884766
/kaggle/input/datasets/mostafaabla/garbage-classification/garbage_classification/green-glass/green-glass236.jpg,green-glass,battery,0.6118192076683044
/kaggle/input/datasets/mostafaabla/garbage-classification/garbage_classification/white-glass/white-glass735.jpg,white-glass,clothes,0.40769854187965393
/kaggle/input/datasets/mostafaabla/garbage-classification/garbage_classification/plastic/plastic385.jpg,plastic,clothes,0.5454268455505371
/kaggle/input/datasets/mostafaabla/garbage-classification/garbage_classification/metal/metal639.jpg,metal,battery,0.7124718427658081
/kaggle/input/datasets/mostafaabla/garbage-classification/garbage_classification/paper/paper669.jpg,paper,shoes,0.29298996925354004
/kaggle/input/datasets/mostafaabla/garbage-classification/garbage_classification/white-glass/white-glass596.jpg,white-glass,paper,0.273323655128479
/kaggle/input/datasets/mostafaabla/garbage-classification/garbage_classification/white-glass/white-glass281.jpg,white-glass,shoes,0.48029616475105286
/kaggle/input/datasets/mostafaabla/garbage-classification/garbage_classification/cardboard/cardboard555.jpg,cardboard,clothes,0.31940704584121704
